fileid,prediction
melspec_0.npy,",Dog,Speech"
melspec_1.npy,",Frying"
melspec_10.npy,",Speech"
melspec_100.npy,",Blender,Speech"
melspec_1000.npy,",Dishes,Running_water,Speech"
melspec_1001.npy,",Running_water,Speech"
melspec_1002.npy,",Frying,Speech"
melspec_1003.npy,",Speech,Vacuum_cleaner"
melspec_1004.npy,",Dishes,Frying,Speech"
melspec_1005.npy,",Cat,Speech"
melspec_1006.npy,",Electric_shaver_toothbrush,Speech"
melspec_1007.npy,",Frying,Speech"
melspec_1008.npy,",Dog,Speech"
melspec_1009.npy,",Cat,Speech"
melspec_101.npy,",Cat,Speech"
melspec_1010.npy,",Dog"
melspec_1011.npy,",Dishes,Frying,Speech"
melspec_1012.npy,
melspec_1013.npy,",Dishes,Frying,Speech"
melspec_1014.npy,",Electric_shaver_toothbrush,Speech"
melspec_1015.npy,",Blender,Speech"
melspec_1016.npy,",Alarm_bell_ringing,Speech"
melspec_1017.npy,",Dishes,Frying,Speech"
melspec_1018.npy,",Dishes,Speech"
melspec_1019.npy,",Alarm_bell_ringing,Dog,Speech"
melspec_102.npy,",Dog,Speech"
melspec_1020.npy,",Dog,Speech"
melspec_1021.npy,",Cat,Dishes,Speech"
melspec_1022.npy,",Alarm_bell_ringing,Speech"
melspec_1023.npy,",Cat,Speech"
melspec_1024.npy,",Blender,Electric_shaver_toothbrush,Speech"
melspec_1025.npy,",Dishes,Frying,Speech"
melspec_1026.npy,",Frying,Speech"
melspec_1027.npy,",Speech"
melspec_1028.npy,",Blender,Electric_shaver_toothbrush,Speech"
melspec_1029.npy,",Alarm_bell_ringing,Speech"
melspec_103.npy,",Blender,Electric_shaver_toothbrush,Speech"
melspec_1030.npy,",Electric_shaver_toothbrush,Speech"
melspec_1031.npy,",Dishes,Speech"
melspec_1032.npy,",Cat,Speech"
melspec_1033.npy,",Alarm_bell_ringing,Speech"
melspec_1034.npy,",Cat,Speech"
melspec_1035.npy,",Frying,Speech"
melspec_1036.npy,",Running_water,Speech"
melspec_1037.npy,",Alarm_bell_ringing,Dog,Speech"
melspec_1038.npy,",Cat,Speech"
melspec_1039.npy,",Dog,Speech"
melspec_104.npy,",Speech"
melspec_1040.npy,",Speech"
melspec_1041.npy,",Cat,Speech"
melspec_1042.npy,",Electric_shaver_toothbrush,Speech"
melspec_1043.npy,",Blender,Dishes,Running_water,Speech"
melspec_1044.npy,",Dishes,Frying,Speech"
melspec_1045.npy,",Speech,Vacuum_cleaner"
melspec_1046.npy,",Dog,Speech"
melspec_1047.npy,",Blender,Speech"
melspec_1048.npy,",Dishes,Dog,Speech"
melspec_1049.npy,",Speech,Vacuum_cleaner"
melspec_105.npy,",Speech,Vacuum_cleaner"
melspec_1050.npy,",Speech"
melspec_1051.npy,",Electric_shaver_toothbrush,Speech"
melspec_1052.npy,",Speech"
melspec_1053.npy,",Cat,Speech"
melspec_1054.npy,",Speech"
melspec_1055.npy,",Dishes,Dog,Speech"
melspec_1056.npy,",Speech"
melspec_1057.npy,",Blender,Speech"
melspec_1058.npy,",Cat,Speech"
melspec_1059.npy,",Electric_shaver_toothbrush,Speech"
melspec_106.npy,",Speech"
melspec_1060.npy,",Dishes,Dog,Speech"
melspec_1061.npy,",Blender,Speech"
melspec_1062.npy,",Dog,Speech"
melspec_1063.npy,",Alarm_bell_ringing,Speech"
melspec_1064.npy,",Dishes,Frying,Speech"
melspec_1065.npy,",Blender,Speech"
melspec_1066.npy,",Electric_shaver_toothbrush,Speech"
melspec_1067.npy,",Dishes,Frying,Speech"
melspec_1068.npy,",Running_water,Speech"
melspec_1069.npy,",Dishes"
melspec_107.npy,",Frying,Speech"
melspec_1070.npy,",Dishes,Frying,Speech"
melspec_1071.npy,",Dog,Speech"
melspec_1072.npy,",Dog,Speech"
melspec_1073.npy,",Dishes,Frying,Speech"
melspec_1074.npy,",Frying,Speech"
melspec_1075.npy,",Blender,Speech"
melspec_1076.npy,",Dog,Speech"
melspec_1077.npy,",Dog,Speech"
melspec_1078.npy,",Speech"
melspec_1079.npy,",Speech,Vacuum_cleaner"
melspec_108.npy,",Cat,Dog,Speech"
melspec_1080.npy,",Speech,Vacuum_cleaner"
melspec_1081.npy,",Alarm_bell_ringing,Dishes,Dog,Speech"
melspec_1082.npy,",Blender,Speech"
melspec_1083.npy,",Electric_shaver_toothbrush,Speech"
melspec_1084.npy,",Alarm_bell_ringing,Speech"
melspec_1085.npy,",Dishes,Frying,Speech"
melspec_1086.npy,",Cat,Speech"
melspec_1087.npy,",Dishes,Frying,Speech"
melspec_1088.npy,",Cat"
melspec_1089.npy,",Speech"
melspec_109.npy,",Frying,Speech"
melspec_1090.npy,",Blender,Speech"
melspec_1091.npy,",Blender,Speech"
melspec_1092.npy,",Blender,Dishes,Speech,Vacuum_cleaner"
melspec_1093.npy,",Blender,Speech"
melspec_1094.npy,",Alarm_bell_ringing,Speech"
melspec_1095.npy,",Blender,Speech"
melspec_1096.npy,",Alarm_bell_ringing,Speech"
melspec_1097.npy,",Dishes,Frying,Speech"
melspec_1098.npy,",Frying,Speech"
melspec_1099.npy,",Dog,Speech"
melspec_11.npy,",Speech"
melspec_110.npy,",Dog,Electric_shaver_toothbrush,Speech"
melspec_1100.npy,",Cat,Speech"
melspec_1101.npy,",Frying,Speech"
melspec_1102.npy,",Dishes"
melspec_1103.npy,",Speech,Vacuum_cleaner"
melspec_1104.npy,",Speech,Vacuum_cleaner"
melspec_1105.npy,",Speech,Vacuum_cleaner"
melspec_1106.npy,",Electric_shaver_toothbrush,Speech"
melspec_1107.npy,",Alarm_bell_ringing,Speech"
melspec_1108.npy,",Dog,Speech"
melspec_1109.npy,",Speech"
melspec_111.npy,",Blender,Speech"
melspec_1110.npy,",Speech"
melspec_1111.npy,",Alarm_bell_ringing,Speech"
melspec_1112.npy,",Dishes,Speech"
melspec_1113.npy,",Electric_shaver_toothbrush,Speech"
melspec_1114.npy,",Alarm_bell_ringing,Speech"
melspec_1115.npy,",Cat,Speech"
melspec_1116.npy,",Blender,Speech"
melspec_1117.npy,",Dog,Speech"
melspec_1118.npy,",Speech,Vacuum_cleaner"
melspec_1119.npy,",Running_water,Speech"
melspec_112.npy,",Cat,Speech"
melspec_1120.npy,",Dishes,Frying,Speech"
melspec_1121.npy,",Cat,Dog,Speech"
melspec_1122.npy,",Cat,Speech"
melspec_1123.npy,",Blender,Speech"
melspec_1124.npy,",Blender,Speech"
melspec_1125.npy,",Blender,Dishes,Speech"
melspec_1126.npy,",Dog,Speech"
melspec_1127.npy,",Cat,Speech"
melspec_1128.npy,",Dishes,Speech"
melspec_1129.npy,",Speech"
melspec_113.npy,",Dog,Speech"
melspec_1130.npy,",Dishes,Frying,Speech"
melspec_1131.npy,",Dog,Speech"
melspec_1132.npy,",Speech,Vacuum_cleaner"
melspec_1133.npy,",Speech"
melspec_1134.npy,",Electric_shaver_toothbrush,Speech"
melspec_1135.npy,",Cat,Speech"
melspec_1136.npy,",Alarm_bell_ringing,Running_water,Speech"
melspec_1137.npy,",Speech"
melspec_1138.npy,",Dishes,Frying,Speech"
melspec_1139.npy,",Alarm_bell_ringing,Dishes,Dog,Speech"
melspec_114.npy,",Alarm_bell_ringing,Speech"
melspec_1140.npy,",Speech"
melspec_1141.npy,",Blender,Speech,Vacuum_cleaner"
melspec_1142.npy,",Speech"
melspec_1143.npy,",Frying,Speech,Vacuum_cleaner"
melspec_1144.npy,",Alarm_bell_ringing,Speech"
melspec_1145.npy,",Alarm_bell_ringing,Dishes,Speech"
melspec_1146.npy,",Dishes,Running_water,Speech"
melspec_1147.npy,",Speech,Vacuum_cleaner"
melspec_1148.npy,",Dishes,Speech"
melspec_1149.npy,",Blender,Speech"
melspec_115.npy,",Dishes,Frying,Speech"
melspec_1150.npy,",Alarm_bell_ringing,Speech"
melspec_1151.npy,",Dishes,Speech,Vacuum_cleaner"
melspec_1152.npy,",Electric_shaver_toothbrush,Speech"
melspec_1153.npy,",Dog,Speech"
melspec_1154.npy,",Blender,Speech"
melspec_1155.npy,",Speech,Vacuum_cleaner"
melspec_1156.npy,",Speech"
melspec_1157.npy,",Cat,Speech"
melspec_1158.npy,",Cat,Speech"
melspec_1159.npy,",Blender,Speech"
melspec_116.npy,",Alarm_bell_ringing,Speech"
melspec_1160.npy,",Blender,Speech"
melspec_1161.npy,",Dog,Speech"
melspec_1162.npy,",Alarm_bell_ringing,Dog,Speech"
melspec_1163.npy,",Dishes,Running_water,Speech"
melspec_1164.npy,",Dishes,Frying,Speech"
melspec_1165.npy,",Speech"
melspec_1166.npy,",Cat,Speech"
melspec_1167.npy,",Dishes,Frying,Speech"
melspec_1168.npy,",Running_water,Speech"
melspec_1169.npy,",Running_water,Speech"
melspec_117.npy,",Alarm_bell_ringing,Dishes,Speech"
melspec_1170.npy,",Electric_shaver_toothbrush,Speech"
melspec_1171.npy,",Dishes,Speech"
melspec_1172.npy,",Blender,Speech,Vacuum_cleaner"
melspec_1173.npy,",Running_water,Speech"
melspec_1174.npy,",Frying,Speech"
melspec_1175.npy,",Speech"
melspec_1176.npy,",Alarm_bell_ringing"
melspec_1177.npy,",Dog,Speech"
melspec_1178.npy,",Dishes,Speech"
melspec_1179.npy,",Dishes,Frying,Speech"
melspec_118.npy,",Blender,Speech"
melspec_1180.npy,",Speech"
melspec_1181.npy,",Blender,Speech"
melspec_1182.npy,",Dishes,Frying,Speech"
melspec_1183.npy,",Cat,Speech"
melspec_1184.npy,",Dog,Speech"
melspec_1185.npy,",Speech"
melspec_1186.npy,",Speech,Vacuum_cleaner"
melspec_1187.npy,",Alarm_bell_ringing,Dishes,Dog,Speech"
melspec_1188.npy,
melspec_1189.npy,",Speech"
melspec_119.npy,",Speech"
melspec_1190.npy,",Speech"
melspec_1191.npy,",Cat,Speech"
melspec_1192.npy,",Dog,Speech"
melspec_1193.npy,",Running_water,Speech"
melspec_1194.npy,",Cat,Speech"
melspec_1195.npy,",Dog,Speech"
melspec_1196.npy,",Cat,Speech"
melspec_1197.npy,",Alarm_bell_ringing,Speech"
melspec_1198.npy,",Alarm_bell_ringing,Speech"
melspec_1199.npy,",Speech"
melspec_12.npy,",Speech"
melspec_120.npy,",Alarm_bell_ringing,Speech"
melspec_1200.npy,",Electric_shaver_toothbrush,Speech"
melspec_1201.npy,",Speech"
melspec_1202.npy,",Dishes,Running_water,Speech"
melspec_1203.npy,",Dishes,Dog,Speech"
melspec_1204.npy,",Speech"
melspec_1205.npy,",Cat,Dog,Electric_shaver_toothbrush,Speech"
melspec_1206.npy,",Speech"
melspec_1207.npy,",Frying,Speech"
melspec_1208.npy,",Speech"
melspec_1209.npy,",Speech,Vacuum_cleaner"
melspec_121.npy,",Cat,Speech"
melspec_1210.npy,",Alarm_bell_ringing,Dog,Speech"
melspec_1211.npy,",Blender,Speech,Vacuum_cleaner"
melspec_1212.npy,",Electric_shaver_toothbrush,Speech"
melspec_1213.npy,",Dishes,Dog,Speech"
melspec_1214.npy,",Dog,Speech"
melspec_1215.npy,",Dishes,Frying,Speech"
melspec_1216.npy,",Speech"
melspec_1217.npy,",Dishes,Running_water,Speech"
melspec_1218.npy,",Blender,Electric_shaver_toothbrush,Speech"
melspec_1219.npy,",Dishes,Electric_shaver_toothbrush,Speech"
melspec_122.npy,",Dishes,Dog,Speech"
melspec_1220.npy,",Frying,Speech"
melspec_1221.npy,
melspec_1222.npy,",Alarm_bell_ringing,Speech"
melspec_1223.npy,",Speech"
melspec_1224.npy,",Dog,Speech"
melspec_1225.npy,",Speech"
melspec_1226.npy,",Blender,Speech,Vacuum_cleaner"
melspec_1227.npy,",Dog,Speech"
melspec_1228.npy,",Dishes,Running_water,Speech"
melspec_1229.npy,",Speech,Vacuum_cleaner"
melspec_123.npy,",Cat,Speech"
melspec_1230.npy,",Blender,Speech"
melspec_1231.npy,",Blender,Vacuum_cleaner"
melspec_1232.npy,",Cat,Speech"
melspec_1233.npy,",Alarm_bell_ringing,Blender,Speech"
melspec_1234.npy,",Cat,Speech"
melspec_1235.npy,",Dishes,Speech"
melspec_1236.npy,",Dog,Speech"
melspec_1237.npy,",Cat,Speech"
melspec_1238.npy,",Speech,Vacuum_cleaner"
melspec_1239.npy,",Alarm_bell_ringing,Speech"
melspec_124.npy,",Blender,Dishes,Electric_shaver_toothbrush,Speech"
melspec_1240.npy,",Cat,Speech"
melspec_1241.npy,",Running_water,Speech"
melspec_1242.npy,",Electric_shaver_toothbrush,Speech"
melspec_1243.npy,",Speech,Vacuum_cleaner"
melspec_1244.npy,",Dishes,Speech"
melspec_1245.npy,",Speech"
melspec_1246.npy,",Dishes,Frying,Speech"
melspec_1247.npy,",Speech"
melspec_1248.npy,",Cat,Speech"
melspec_1249.npy,",Frying,Speech"
melspec_125.npy,",Speech"
melspec_1250.npy,",Blender,Speech,Vacuum_cleaner"
melspec_1251.npy,",Blender,Speech"
melspec_1252.npy,",Cat,Speech"
melspec_1253.npy,",Frying,Speech"
melspec_1254.npy,",Speech"
melspec_1255.npy,",Running_water,Speech"
melspec_1256.npy,",Cat,Speech"
melspec_1257.npy,",Dog,Speech"
melspec_1258.npy,",Blender"
melspec_1259.npy,",Dog,Running_water,Speech"
melspec_126.npy,",Speech,Vacuum_cleaner"
melspec_1260.npy,",Dog,Speech"
melspec_1261.npy,",Blender,Dishes,Speech"
melspec_1262.npy,",Dog,Speech"
melspec_1263.npy,",Speech,Vacuum_cleaner"
melspec_1264.npy,",Cat,Electric_shaver_toothbrush,Speech"
melspec_1265.npy,",Dog,Running_water,Speech"
melspec_1266.npy,",Speech"
melspec_1267.npy,",Frying,Speech"
melspec_1268.npy,",Cat,Speech"
melspec_1269.npy,",Speech"
melspec_127.npy,",Cat,Speech"
melspec_1270.npy,",Cat,Speech"
melspec_1271.npy,",Alarm_bell_ringing,Speech"
melspec_1272.npy,",Speech,Vacuum_cleaner"
melspec_1273.npy,",Speech"
melspec_1274.npy,",Blender,Electric_shaver_toothbrush,Speech"
melspec_1275.npy,",Electric_shaver_toothbrush,Speech"
melspec_1276.npy,",Dishes,Frying,Speech"
melspec_1277.npy,",Electric_shaver_toothbrush,Speech"
melspec_1278.npy,",Cat,Speech"
melspec_1279.npy,",Dog,Speech"
melspec_128.npy,",Blender,Speech"
melspec_1280.npy,",Blender,Speech"
melspec_1281.npy,",Speech,Vacuum_cleaner"
melspec_1282.npy,",Dishes,Dog,Speech"
melspec_1283.npy,",Vacuum_cleaner"
melspec_1284.npy,",Blender,Speech"
melspec_1285.npy,",Running_water,Speech"
melspec_1286.npy,",Dishes,Frying,Speech"
melspec_1287.npy,",Speech,Vacuum_cleaner"
melspec_1288.npy,",Speech,Vacuum_cleaner"
melspec_1289.npy,",Dog,Speech"
melspec_129.npy,",Speech,Vacuum_cleaner"
melspec_1290.npy,",Speech,Vacuum_cleaner"
melspec_1291.npy,",Alarm_bell_ringing,Speech"
melspec_1292.npy,",Speech"
melspec_1293.npy,",Alarm_bell_ringing,Speech"
melspec_1294.npy,",Dishes,Speech"
melspec_1295.npy,",Blender,Dishes,Speech"
melspec_1296.npy,",Frying,Speech"
melspec_1297.npy,",Speech"
melspec_1298.npy,",Speech"
melspec_1299.npy,",Speech"
melspec_13.npy,",Dishes,Frying,Speech"
melspec_130.npy,",Dishes,Speech"
melspec_1300.npy,",Blender,Dishes,Speech"
melspec_1301.npy,",Dishes,Electric_shaver_toothbrush,Frying,Speech"
melspec_1302.npy,",Cat,Speech"
melspec_1303.npy,",Blender,Speech"
melspec_1304.npy,",Speech,Vacuum_cleaner"
melspec_1305.npy,",Electric_shaver_toothbrush,Speech"
melspec_1306.npy,",Blender"
melspec_1307.npy,",Alarm_bell_ringing,Dog,Speech"
melspec_1308.npy,",Blender,Speech"
melspec_1309.npy,",Dog,Speech"
melspec_131.npy,",Dishes,Dog,Speech"
melspec_1310.npy,",Speech"
melspec_1311.npy,",Cat,Speech"
melspec_1312.npy,",Alarm_bell_ringing,Speech"
melspec_1313.npy,",Speech"
melspec_1314.npy,",Frying,Speech"
melspec_1315.npy,",Dishes,Frying,Speech"
melspec_1316.npy,",Speech"
melspec_1317.npy,",Cat,Speech"
melspec_1318.npy,",Blender,Speech"
melspec_1319.npy,",Alarm_bell_ringing,Speech"
melspec_132.npy,",Alarm_bell_ringing,Dishes,Speech"
melspec_1320.npy,",Dishes,Frying,Speech"
melspec_1321.npy,",Alarm_bell_ringing,Speech"
melspec_1322.npy,",Frying,Speech"
melspec_1323.npy,",Blender,Speech"
melspec_1324.npy,",Cat,Speech"
melspec_1325.npy,",Speech"
melspec_1326.npy,",Alarm_bell_ringing,Dishes,Speech"
melspec_1327.npy,",Dishes,Dog,Running_water,Speech"
melspec_1328.npy,",Electric_shaver_toothbrush,Speech"
melspec_1329.npy,",Alarm_bell_ringing,Dishes,Dog,Speech"
melspec_133.npy,",Speech"
melspec_1330.npy,",Cat,Speech"
melspec_1331.npy,",Dog,Speech"
melspec_1332.npy,",Electric_shaver_toothbrush,Speech"
melspec_1333.npy,",Dog,Speech"
melspec_1334.npy,",Blender,Speech"
melspec_1335.npy,",Speech,Vacuum_cleaner"
melspec_1336.npy,",Dishes,Frying,Speech"
melspec_1337.npy,",Cat,Speech"
melspec_1338.npy,",Dishes,Speech"
melspec_1339.npy,",Dog,Speech"
melspec_134.npy,",Blender,Speech"
melspec_1340.npy,",Dishes,Frying,Speech"
melspec_1341.npy,",Speech"
melspec_1342.npy,",Speech"
melspec_1343.npy,",Vacuum_cleaner"
melspec_1344.npy,",Dog,Speech"
melspec_1345.npy,",Electric_shaver_toothbrush,Speech"
melspec_1346.npy,",Dog,Speech"
melspec_1347.npy,",Alarm_bell_ringing,Dishes,Dog,Speech"
melspec_1348.npy,",Speech"
melspec_1349.npy,",Speech"
melspec_135.npy,",Alarm_bell_ringing,Speech"
melspec_1350.npy,",Speech,Vacuum_cleaner"
melspec_1351.npy,",Dishes,Frying,Speech"
melspec_1352.npy,",Alarm_bell_ringing,Dog,Speech"
melspec_1353.npy,",Dishes,Speech"
melspec_1354.npy,",Dishes,Frying,Speech"
melspec_1355.npy,",Speech"
melspec_1356.npy,",Blender,Speech"
melspec_1357.npy,",Running_water,Speech"
melspec_1358.npy,",Cat,Speech"
melspec_1359.npy,",Blender,Speech,Vacuum_cleaner"
melspec_136.npy,",Speech"
melspec_1360.npy,",Speech,Vacuum_cleaner"
melspec_1361.npy,",Dishes,Running_water,Speech"
melspec_1362.npy,",Cat,Dishes,Running_water,Speech"
melspec_1363.npy,",Alarm_bell_ringing,Dishes,Speech"
melspec_1364.npy,",Speech"
melspec_1365.npy,",Dishes,Frying,Speech"
melspec_1366.npy,",Dishes,Frying,Speech"
melspec_1367.npy,",Cat"
melspec_1368.npy,",Speech"
melspec_1369.npy,",Dishes,Dog,Speech"
melspec_137.npy,",Cat,Speech"
melspec_1370.npy,",Speech,Vacuum_cleaner"
melspec_1371.npy,",Vacuum_cleaner"
melspec_1372.npy,",Speech"
melspec_1373.npy,",Speech,Vacuum_cleaner"
melspec_1374.npy,",Dishes,Running_water,Speech"
melspec_1375.npy,",Cat,Speech"
melspec_1376.npy,",Cat,Speech"
melspec_1377.npy,",Speech,Vacuum_cleaner"
melspec_1378.npy,",Dishes,Speech"
melspec_1379.npy,",Alarm_bell_ringing,Dishes,Speech"
melspec_138.npy,",Speech"
melspec_1380.npy,",Cat,Speech"
melspec_1381.npy,",Dishes,Frying,Speech"
melspec_1382.npy,",Speech,Vacuum_cleaner"
melspec_1383.npy,",Cat,Speech"
melspec_1384.npy,",Alarm_bell_ringing,Speech"
melspec_1385.npy,",Blender,Speech"
melspec_1386.npy,",Speech"
melspec_1387.npy,",Alarm_bell_ringing,Speech"
melspec_1388.npy,",Speech"
melspec_1389.npy,",Blender,Dishes,Speech"
melspec_139.npy,",Blender"
melspec_1390.npy,",Blender,Speech"
melspec_1391.npy,",Electric_shaver_toothbrush,Speech"
melspec_1392.npy,",Electric_shaver_toothbrush,Speech"
melspec_1393.npy,",Speech,Vacuum_cleaner"
melspec_1394.npy,",Alarm_bell_ringing,Speech"
melspec_1395.npy,",Speech"
melspec_1396.npy,",Dishes,Frying,Speech"
melspec_1397.npy,",Dog,Speech"
melspec_1398.npy,
melspec_1399.npy,",Cat,Speech"
melspec_14.npy,",Speech"
melspec_140.npy,",Speech,Vacuum_cleaner"
melspec_1400.npy,",Dog,Speech"
melspec_1401.npy,",Speech,Vacuum_cleaner"
melspec_1402.npy,",Running_water,Speech"
melspec_1403.npy,",Dog,Speech"
melspec_1404.npy,",Dishes,Frying,Speech"
melspec_1405.npy,",Speech,Vacuum_cleaner"
melspec_1406.npy,",Speech"
melspec_1407.npy,",Speech"
melspec_1408.npy,",Cat,Speech"
melspec_1409.npy,",Frying,Speech"
melspec_141.npy,",Dishes,Dog,Speech"
melspec_1410.npy,",Blender,Dishes,Speech"
melspec_1411.npy,",Running_water,Speech"
melspec_1412.npy,",Blender,Speech"
melspec_1413.npy,",Dog,Speech"
melspec_1414.npy,",Cat"
melspec_1415.npy,",Dog,Speech"
melspec_1416.npy,",Dishes,Speech"
melspec_1417.npy,",Running_water,Speech"
melspec_1418.npy,",Dishes,Frying,Speech"
melspec_1419.npy,",Dishes,Frying,Speech"
melspec_142.npy,",Electric_shaver_toothbrush,Speech"
melspec_1420.npy,",Alarm_bell_ringing,Speech"
melspec_1421.npy,",Dog,Speech"
melspec_1422.npy,",Dog,Speech"
melspec_1423.npy,",Dog,Speech"
melspec_1424.npy,",Dog,Speech"
melspec_1425.npy,",Electric_shaver_toothbrush,Speech"
melspec_1426.npy,",Cat,Speech"
melspec_1427.npy,",Dishes,Speech"
melspec_1428.npy,",Speech,Vacuum_cleaner"
melspec_1429.npy,",Blender,Speech"
melspec_143.npy,",Speech"
melspec_1430.npy,",Speech"
melspec_1431.npy,",Alarm_bell_ringing,Speech"
melspec_1432.npy,",Cat,Speech"
melspec_1433.npy,",Speech"
melspec_1434.npy,",Running_water,Speech"
melspec_1435.npy,",Frying,Running_water,Speech"
melspec_1436.npy,",Dishes,Speech"
melspec_1437.npy,",Speech"
melspec_1438.npy,",Speech,Vacuum_cleaner"
melspec_1439.npy,",Blender,Speech"
melspec_144.npy,",Running_water,Speech"
melspec_1440.npy,",Dishes,Speech"
melspec_1441.npy,",Dog,Speech"
melspec_1442.npy,",Dog,Speech"
melspec_1443.npy,",Dishes,Speech"
melspec_1444.npy,",Dishes,Frying,Speech"
melspec_1445.npy,",Speech"
melspec_1446.npy,",Dog,Speech"
melspec_1447.npy,",Speech,Vacuum_cleaner"
melspec_1448.npy,",Alarm_bell_ringing,Speech"
melspec_1449.npy,",Dog,Speech"
melspec_145.npy,",Frying,Speech"
melspec_1450.npy,",Running_water,Speech"
melspec_1451.npy,",Alarm_bell_ringing"
melspec_1452.npy,",Speech"
melspec_1453.npy,",Speech"
melspec_1454.npy,",Speech"
melspec_1455.npy,",Speech"
melspec_1456.npy,",Speech"
melspec_1457.npy,",Dog,Speech"
melspec_1458.npy,",Frying,Speech"
melspec_1459.npy,",Speech,Vacuum_cleaner"
melspec_146.npy,",Blender,Electric_shaver_toothbrush,Speech"
melspec_1460.npy,",Speech"
melspec_1461.npy,",Speech"
melspec_1462.npy,",Blender,Electric_shaver_toothbrush,Speech"
melspec_1463.npy,",Speech"
melspec_1464.npy,",Dog,Speech"
melspec_1465.npy,",Dishes,Dog,Speech"
melspec_1466.npy,",Alarm_bell_ringing,Speech"
melspec_1467.npy,",Frying,Running_water,Speech"
melspec_1468.npy,",Speech,Vacuum_cleaner"
melspec_1469.npy,",Cat,Speech"
melspec_147.npy,",Dishes,Speech"
melspec_1470.npy,",Dog,Speech"
melspec_1471.npy,",Alarm_bell_ringing,Speech"
melspec_1472.npy,",Dishes,Speech"
melspec_1473.npy,",Electric_shaver_toothbrush,Speech"
melspec_1474.npy,",Speech,Vacuum_cleaner"
melspec_1475.npy,",Speech"
melspec_1476.npy,",Blender,Electric_shaver_toothbrush,Speech"
melspec_1477.npy,",Cat,Speech"
melspec_1478.npy,",Speech"
melspec_1479.npy,",Speech,Vacuum_cleaner"
melspec_148.npy,",Alarm_bell_ringing"
melspec_1480.npy,",Dog,Speech"
melspec_1481.npy,",Cat,Speech"
melspec_1482.npy,",Dog,Speech"
melspec_1483.npy,",Blender,Speech"
melspec_1484.npy,",Alarm_bell_ringing,Speech"
melspec_1485.npy,",Blender,Speech,Vacuum_cleaner"
melspec_1486.npy,",Blender,Electric_shaver_toothbrush,Speech"
melspec_1487.npy,",Alarm_bell_ringing,Speech"
melspec_1488.npy,",Blender,Dishes,Speech"
melspec_1489.npy,",Blender,Electric_shaver_toothbrush,Speech"
melspec_149.npy,",Dog,Speech"
melspec_1490.npy,",Dishes,Frying,Speech"
melspec_1491.npy,",Electric_shaver_toothbrush,Speech"
melspec_1492.npy,",Cat,Dog,Speech"
melspec_1493.npy,",Blender,Speech"
melspec_1494.npy,",Running_water,Speech"
melspec_1495.npy,",Speech"
melspec_1496.npy,",Dog,Speech"
melspec_1497.npy,",Dog,Speech"
melspec_1498.npy,",Alarm_bell_ringing,Speech"
melspec_1499.npy,",Blender,Speech"
melspec_15.npy,",Speech"
melspec_150.npy,",Dishes,Frying,Speech"
melspec_1500.npy,",Dishes,Frying,Speech"
melspec_1501.npy,",Electric_shaver_toothbrush,Speech"
melspec_1502.npy,",Speech"
melspec_1503.npy,",Blender"
melspec_1504.npy,",Dog,Speech"
melspec_1505.npy,",Cat,Dog,Speech"
melspec_1506.npy,",Alarm_bell_ringing,Speech"
melspec_1507.npy,",Speech"
melspec_1508.npy,",Running_water,Speech"
melspec_1509.npy,",Alarm_bell_ringing,Speech"
melspec_151.npy,",Dishes,Speech"
melspec_1510.npy,",Dishes,Speech"
melspec_1511.npy,",Dog,Speech"
melspec_1512.npy,",Running_water,Speech"
melspec_1513.npy,",Dog,Speech"
melspec_1514.npy,",Cat"
melspec_1515.npy,",Frying,Speech"
melspec_1516.npy,",Alarm_bell_ringing,Speech"
melspec_1517.npy,",Dog,Speech"
melspec_1518.npy,",Electric_shaver_toothbrush,Speech"
melspec_1519.npy,",Dishes,Frying,Speech"
melspec_152.npy,",Speech,Vacuum_cleaner"
melspec_1520.npy,",Speech"
melspec_1521.npy,",Running_water,Speech"
melspec_1522.npy,",Speech"
melspec_1523.npy,",Dishes,Speech"
melspec_1524.npy,",Cat,Speech"
melspec_1525.npy,",Electric_shaver_toothbrush,Speech,Vacuum_cleaner"
melspec_1526.npy,",Speech"
melspec_1527.npy,",Blender,Speech"
melspec_1528.npy,",Cat,Dog,Speech"
melspec_1529.npy,",Alarm_bell_ringing,Speech"
melspec_153.npy,",Running_water,Speech"
melspec_1530.npy,",Dishes,Dog,Speech"
melspec_1531.npy,",Alarm_bell_ringing,Dishes,Speech"
melspec_1532.npy,",Dishes,Dog,Speech"
melspec_1533.npy,",Blender,Speech"
melspec_1534.npy,",Alarm_bell_ringing,Speech"
melspec_1535.npy,",Blender,Speech"
melspec_1536.npy,",Alarm_bell_ringing,Speech"
melspec_1537.npy,",Speech"
melspec_1538.npy,",Electric_shaver_toothbrush,Running_water,Speech"
melspec_1539.npy,",Blender,Speech"
melspec_154.npy,",Electric_shaver_toothbrush,Speech"
melspec_1540.npy,",Cat,Speech"
melspec_1541.npy,",Running_water,Speech"
melspec_1542.npy,",Running_water,Speech"
melspec_1543.npy,",Speech,Vacuum_cleaner"
melspec_1544.npy,",Speech"
melspec_1545.npy,",Electric_shaver_toothbrush,Speech"
melspec_1546.npy,",Frying,Speech"
melspec_1547.npy,",Dog,Speech"
melspec_1548.npy,",Blender"
melspec_1549.npy,",Dishes,Running_water,Speech"
melspec_155.npy,",Cat,Speech"
melspec_1550.npy,",Speech,Vacuum_cleaner"
melspec_1551.npy,",Speech,Vacuum_cleaner"
melspec_1552.npy,",Speech"
melspec_1553.npy,",Speech"
melspec_1554.npy,",Dishes,Frying,Speech"
melspec_1555.npy,",Speech"
melspec_1556.npy,",Blender,Speech"
melspec_1557.npy,",Dishes,Frying,Speech"
melspec_1558.npy,",Speech"
melspec_1559.npy,",Dog,Speech"
melspec_156.npy,",Speech,Vacuum_cleaner"
melspec_1560.npy,",Speech,Vacuum_cleaner"
melspec_1561.npy,",Alarm_bell_ringing,Speech"
melspec_1562.npy,",Speech"
melspec_1563.npy,",Speech"
melspec_1564.npy,",Blender,Speech"
melspec_1565.npy,",Speech"
melspec_1566.npy,",Alarm_bell_ringing,Speech"
melspec_1567.npy,",Speech,Vacuum_cleaner"
melspec_1568.npy,",Speech,Vacuum_cleaner"
melspec_1569.npy,",Alarm_bell_ringing,Dishes,Dog,Speech"
melspec_157.npy,",Cat,Speech"
melspec_1570.npy,",Dog,Speech"
melspec_1571.npy,",Speech,Vacuum_cleaner"
melspec_1572.npy,",Speech"
melspec_1573.npy,",Alarm_bell_ringing,Speech"
melspec_1574.npy,",Dog,Speech"
melspec_1575.npy,",Dishes,Frying,Speech"
melspec_1576.npy,",Dishes,Speech"
melspec_1577.npy,",Speech,Vacuum_cleaner"
melspec_1578.npy,",Electric_shaver_toothbrush,Speech"
melspec_1579.npy,",Electric_shaver_toothbrush,Speech"
melspec_158.npy,",Speech"
melspec_1580.npy,",Speech"
melspec_1581.npy,",Speech,Vacuum_cleaner"
melspec_1582.npy,",Cat,Speech"
melspec_1583.npy,",Blender,Speech,Vacuum_cleaner"
melspec_1584.npy,",Speech,Vacuum_cleaner"
melspec_1585.npy,",Electric_shaver_toothbrush,Speech"
melspec_1586.npy,",Speech,Vacuum_cleaner"
melspec_1587.npy,",Cat,Speech"
melspec_1588.npy,",Speech,Vacuum_cleaner"
melspec_1589.npy,",Running_water,Speech"
melspec_159.npy,",Dishes,Speech"
melspec_1590.npy,",Speech"
melspec_1591.npy,",Cat,Speech"
melspec_1592.npy,",Blender,Speech,Vacuum_cleaner"
melspec_1593.npy,",Speech"
melspec_1594.npy,",Electric_shaver_toothbrush,Speech"
melspec_1595.npy,",Dishes,Frying,Speech"
melspec_1596.npy,",Alarm_bell_ringing,Speech"
melspec_1597.npy,",Speech"
melspec_1598.npy,",Dog,Speech"
melspec_1599.npy,",Cat,Speech"
melspec_16.npy,",Speech"
melspec_160.npy,",Cat,Speech"
melspec_1600.npy,",Alarm_bell_ringing,Cat,Speech"
melspec_1601.npy,",Blender"
melspec_1602.npy,",Electric_shaver_toothbrush,Speech"
melspec_1603.npy,",Dishes,Speech"
melspec_1604.npy,
melspec_1605.npy,",Speech,Vacuum_cleaner"
melspec_1606.npy,",Speech,Vacuum_cleaner"
melspec_1607.npy,",Speech,Vacuum_cleaner"
melspec_1608.npy,",Speech"
melspec_1609.npy,",Blender,Speech"
melspec_161.npy,",Dog,Speech"
melspec_1610.npy,",Dishes,Speech"
melspec_1611.npy,",Dog,Speech"
melspec_1612.npy,",Cat,Speech"
melspec_1613.npy,",Frying,Speech"
melspec_1614.npy,",Alarm_bell_ringing,Speech"
melspec_1615.npy,",Blender,Speech"
melspec_1616.npy,",Electric_shaver_toothbrush,Speech"
melspec_1617.npy,",Speech"
melspec_1618.npy,",Alarm_bell_ringing,Speech"
melspec_1619.npy,",Dishes,Speech"
melspec_162.npy,",Alarm_bell_ringing,Dog,Speech"
melspec_1620.npy,",Frying,Speech"
melspec_1621.npy,",Frying,Speech"
melspec_1622.npy,",Electric_shaver_toothbrush,Speech"
melspec_1623.npy,",Cat,Speech"
melspec_1624.npy,",Blender"
melspec_1625.npy,",Dog,Speech"
melspec_1626.npy,",Blender,Speech,Vacuum_cleaner"
melspec_1627.npy,",Dishes,Frying,Speech"
melspec_1628.npy,",Speech"
melspec_1629.npy,",Dishes,Frying,Speech"
melspec_163.npy,",Speech"
melspec_1630.npy,",Blender,Electric_shaver_toothbrush,Speech"
melspec_1631.npy,",Blender,Electric_shaver_toothbrush,Speech"
melspec_1632.npy,",Dishes,Frying,Speech"
melspec_1633.npy,",Speech"
melspec_1634.npy,",Dog,Speech"
melspec_1635.npy,",Cat,Speech"
melspec_1636.npy,",Dog,Running_water,Speech"
melspec_1637.npy,",Speech"
melspec_1638.npy,",Dog,Running_water,Speech"
melspec_1639.npy,",Speech"
melspec_164.npy,",Blender,Dishes,Speech"
melspec_1640.npy,",Speech,Vacuum_cleaner"
melspec_1641.npy,",Cat,Speech"
melspec_1642.npy,",Speech"
melspec_1643.npy,",Dishes,Frying,Speech"
melspec_1644.npy,",Cat,Speech"
melspec_1645.npy,",Blender,Speech"
melspec_1646.npy,",Blender,Speech"
melspec_1647.npy,",Cat,Speech"
melspec_1648.npy,",Dishes,Frying,Speech"
melspec_1649.npy,",Speech"
melspec_165.npy,",Speech"
melspec_1650.npy,",Speech"
melspec_1651.npy,",Dishes,Speech"
melspec_1652.npy,",Dishes,Running_water,Speech"
melspec_1653.npy,",Dishes,Frying,Speech"
melspec_1654.npy,",Alarm_bell_ringing,Speech"
melspec_1655.npy,",Blender,Speech"
melspec_1656.npy,",Speech"
melspec_1657.npy,",Dog,Speech"
melspec_1658.npy,",Speech"
melspec_1659.npy,",Dishes,Frying,Speech"
melspec_166.npy,",Speech"
melspec_1660.npy,",Speech"
melspec_1661.npy,",Electric_shaver_toothbrush,Speech"
melspec_1662.npy,",Blender,Speech"
melspec_1663.npy,",Speech"
melspec_1664.npy,",Speech"
melspec_1665.npy,",Cat,Dog,Speech"
melspec_1666.npy,",Blender,Dishes,Speech"
melspec_1667.npy,",Speech"
melspec_1668.npy,",Dishes,Speech"
melspec_1669.npy,",Cat,Speech"
melspec_167.npy,",Speech,Vacuum_cleaner"
melspec_1670.npy,",Speech"
melspec_1671.npy,",Dishes,Speech"
melspec_1672.npy,",Cat,Speech"
melspec_1673.npy,",Blender,Speech"
melspec_1674.npy,",Alarm_bell_ringing,Blender,Speech"
melspec_1675.npy,",Dishes,Speech"
melspec_1676.npy,",Dishes,Dog"
melspec_1677.npy,",Speech"
melspec_1678.npy,",Dishes,Running_water,Speech"
melspec_1679.npy,",Vacuum_cleaner"
melspec_168.npy,",Alarm_bell_ringing,Dishes,Speech"
melspec_1680.npy,",Dishes,Frying,Speech"
melspec_1681.npy,",Speech"
melspec_1682.npy,",Speech"
melspec_1683.npy,",Speech,Vacuum_cleaner"
melspec_1684.npy,",Cat,Speech"
melspec_1685.npy,",Speech"
melspec_1686.npy,",Speech,Vacuum_cleaner"
melspec_1687.npy,",Speech,Vacuum_cleaner"
melspec_1688.npy,",Cat,Speech"
melspec_1689.npy,",Cat,Speech"
melspec_169.npy,",Dog,Speech"
melspec_1690.npy,",Dog,Speech"
melspec_1691.npy,",Cat,Speech"
melspec_1692.npy,",Speech,Vacuum_cleaner"
melspec_1693.npy,",Frying,Speech"
melspec_1694.npy,",Dog,Speech"
melspec_1695.npy,",Dishes,Speech"
melspec_1696.npy,",Dog,Speech"
melspec_1697.npy,",Dishes,Frying,Speech"
melspec_1698.npy,",Blender,Speech"
melspec_1699.npy,",Speech,Vacuum_cleaner"
melspec_17.npy,",Cat,Speech"
melspec_170.npy,",Speech"
melspec_1700.npy,",Speech"
melspec_1701.npy,",Running_water,Speech"
melspec_1702.npy,",Electric_shaver_toothbrush,Speech"
melspec_1703.npy,",Speech,Vacuum_cleaner"
melspec_1704.npy,",Dog,Speech"
melspec_1705.npy,",Speech"
melspec_1706.npy,",Electric_shaver_toothbrush,Speech"
melspec_1707.npy,",Dog,Speech"
melspec_1708.npy,",Speech,Vacuum_cleaner"
melspec_1709.npy,",Blender,Electric_shaver_toothbrush,Speech"
melspec_171.npy,",Speech"
melspec_1710.npy,",Electric_shaver_toothbrush,Speech"
melspec_1711.npy,",Dishes,Speech"
melspec_1712.npy,",Dog,Running_water"
melspec_1713.npy,",Frying,Speech"
melspec_1714.npy,",Frying,Speech"
melspec_1715.npy,",Dishes,Speech"
melspec_1716.npy,",Running_water,Speech"
melspec_1717.npy,",Cat,Dog,Speech"
melspec_1718.npy,",Dog,Speech"
melspec_1719.npy,",Cat,Speech"
melspec_172.npy,",Speech,Vacuum_cleaner"
melspec_1720.npy,",Dog,Speech"
melspec_1721.npy,",Dishes,Speech"
melspec_1722.npy,",Blender,Speech"
melspec_1723.npy,",Alarm_bell_ringing,Dishes,Speech"
melspec_1724.npy,",Alarm_bell_ringing,Blender,Speech"
melspec_1725.npy,",Dishes,Running_water,Speech"
melspec_1726.npy,",Dishes,Speech"
melspec_1727.npy,",Alarm_bell_ringing,Speech"
melspec_1728.npy,",Dishes,Frying,Speech"
melspec_1729.npy,",Speech,Vacuum_cleaner"
melspec_173.npy,",Running_water,Speech"
melspec_1730.npy,",Speech"
melspec_1731.npy,",Dog,Speech"
melspec_1732.npy,",Speech"
melspec_1733.npy,",Electric_shaver_toothbrush,Speech"
melspec_1734.npy,",Blender,Electric_shaver_toothbrush,Speech"
melspec_1735.npy,",Running_water,Speech"
melspec_1736.npy,",Running_water,Speech"
melspec_1737.npy,",Speech,Vacuum_cleaner"
melspec_1738.npy,",Running_water,Speech"
melspec_1739.npy,",Speech"
melspec_174.npy,",Speech"
melspec_1740.npy,",Cat,Speech"
melspec_1741.npy,",Alarm_bell_ringing,Speech"
melspec_1742.npy,",Alarm_bell_ringing,Speech"
melspec_1743.npy,",Blender"
melspec_1744.npy,",Frying,Speech,Vacuum_cleaner"
melspec_1745.npy,",Dog,Speech"
melspec_1746.npy,",Blender,Electric_shaver_toothbrush,Speech"
melspec_1747.npy,",Speech"
melspec_1748.npy,",Speech"
melspec_1749.npy,",Electric_shaver_toothbrush"
melspec_175.npy,",Blender,Speech"
melspec_1750.npy,",Alarm_bell_ringing,Speech"
melspec_1751.npy,",Dishes,Frying,Speech"
melspec_1752.npy,",Alarm_bell_ringing,Speech"
melspec_1753.npy,",Alarm_bell_ringing,Speech"
melspec_1754.npy,",Dishes,Speech"
melspec_1755.npy,",Electric_shaver_toothbrush,Speech"
melspec_1756.npy,",Dishes,Speech"
melspec_1757.npy,",Cat,Speech"
melspec_1758.npy,",Blender,Speech,Vacuum_cleaner"
melspec_1759.npy,",Speech,Vacuum_cleaner"
melspec_176.npy,",Blender,Speech"
melspec_1760.npy,",Dishes,Frying,Speech"
melspec_1761.npy,",Speech,Vacuum_cleaner"
melspec_1762.npy,",Speech,Vacuum_cleaner"
melspec_1763.npy,",Electric_shaver_toothbrush,Speech"
melspec_1764.npy,",Blender,Dishes,Speech"
melspec_1765.npy,",Dishes,Dog,Speech"
melspec_1766.npy,",Blender,Speech"
melspec_1767.npy,",Speech,Vacuum_cleaner"
melspec_1768.npy,",Blender,Electric_shaver_toothbrush,Speech"
melspec_1769.npy,",Dishes,Running_water,Speech"
melspec_177.npy,",Cat,Speech"
melspec_1770.npy,",Blender,Speech"
melspec_1771.npy,",Speech"
melspec_1772.npy,",Speech"
melspec_1773.npy,",Speech"
melspec_1774.npy,",Dog,Speech"
melspec_1775.npy,",Dog,Speech"
melspec_1776.npy,",Dishes,Frying,Speech"
melspec_1777.npy,",Alarm_bell_ringing,Dishes,Speech"
melspec_1778.npy,",Dishes,Running_water,Speech"
melspec_1779.npy,",Blender,Speech"
melspec_178.npy,",Dog,Speech"
melspec_1780.npy,",Dog,Speech"
melspec_1781.npy,",Dishes,Dog,Running_water,Speech"
melspec_1782.npy,",Electric_shaver_toothbrush,Speech"
melspec_1783.npy,",Running_water,Speech"
melspec_1784.npy,",Alarm_bell_ringing,Speech"
melspec_1785.npy,",Dog,Speech"
melspec_1786.npy,",Cat,Speech"
melspec_1787.npy,",Electric_shaver_toothbrush,Speech"
melspec_1788.npy,
melspec_1789.npy,",Dog,Running_water,Speech"
melspec_179.npy,",Running_water,Speech"
melspec_1790.npy,",Speech"
melspec_1791.npy,",Dishes,Frying,Speech"
melspec_1792.npy,",Alarm_bell_ringing,Dishes,Dog,Speech"
melspec_1793.npy,",Dishes,Frying,Speech"
melspec_1794.npy,",Speech"
melspec_1795.npy,",Blender,Speech"
melspec_1796.npy,",Cat,Dog,Speech"
melspec_1797.npy,",Dishes,Frying,Speech"
melspec_1798.npy,",Electric_shaver_toothbrush,Speech"
melspec_1799.npy,",Alarm_bell_ringing,Speech"
melspec_18.npy,",Blender,Speech"
melspec_180.npy,",Alarm_bell_ringing,Dishes,Speech"
melspec_1800.npy,",Alarm_bell_ringing"
melspec_1801.npy,",Frying,Speech"
melspec_1802.npy,",Speech"
melspec_1803.npy,",Alarm_bell_ringing,Speech"
melspec_1804.npy,",Speech"
melspec_1805.npy,",Speech,Vacuum_cleaner"
melspec_1806.npy,",Dishes,Speech"
melspec_1807.npy,",Dishes,Speech"
melspec_1808.npy,",Speech"
melspec_1809.npy,",Speech"
melspec_181.npy,",Dog,Speech"
melspec_1810.npy,",Cat,Dog,Speech"
melspec_1811.npy,",Speech"
melspec_1812.npy,",Electric_shaver_toothbrush,Speech"
melspec_1813.npy,",Dog,Speech"
melspec_1814.npy,",Alarm_bell_ringing,Dishes,Speech"
melspec_1815.npy,",Dishes,Speech"
melspec_1816.npy,",Dog,Speech"
melspec_1817.npy,",Speech,Vacuum_cleaner"
melspec_1818.npy,",Dishes,Frying,Speech"
melspec_1819.npy,",Dishes,Frying,Speech"
melspec_182.npy,",Electric_shaver_toothbrush,Speech"
melspec_1820.npy,",Dishes,Dog,Running_water,Speech"
melspec_1821.npy,",Blender,Speech"
melspec_1822.npy,",Speech,Vacuum_cleaner"
melspec_1823.npy,",Vacuum_cleaner"
melspec_1824.npy,",Cat,Speech"
melspec_1825.npy,",Dishes,Speech"
melspec_1826.npy,",Running_water,Speech"
melspec_1827.npy,",Alarm_bell_ringing,Speech"
melspec_1828.npy,",Dishes,Speech"
melspec_1829.npy,",Running_water,Speech"
melspec_183.npy,",Electric_shaver_toothbrush,Speech"
melspec_1830.npy,",Speech"
melspec_1831.npy,",Speech,Vacuum_cleaner"
melspec_1832.npy,",Cat"
melspec_1833.npy,",Blender,Speech"
melspec_1834.npy,",Speech,Vacuum_cleaner"
melspec_1835.npy,",Dishes,Running_water,Speech"
melspec_1836.npy,",Cat,Dog,Speech"
melspec_1837.npy,",Speech"
melspec_1838.npy,",Cat,Dog,Speech"
melspec_1839.npy,",Dishes,Frying,Speech"
melspec_184.npy,",Dog,Speech"
melspec_1840.npy,",Running_water,Speech"
melspec_1841.npy,",Dishes,Frying,Speech"
melspec_1842.npy,",Speech,Vacuum_cleaner"
melspec_1843.npy,",Alarm_bell_ringing,Dog,Speech"
melspec_1844.npy,",Alarm_bell_ringing,Dog,Speech"
melspec_1845.npy,",Speech"
melspec_1846.npy,",Speech"
melspec_1847.npy,",Dishes,Frying,Speech"
melspec_1848.npy,",Cat,Speech"
melspec_1849.npy,",Blender,Speech"
melspec_185.npy,",Alarm_bell_ringing,Dishes,Frying,Speech"
melspec_1850.npy,",Speech"
melspec_1851.npy,",Dishes,Frying,Speech"
melspec_1852.npy,",Dishes,Frying,Speech"
melspec_1853.npy,",Alarm_bell_ringing,Speech"
melspec_1854.npy,",Dishes,Frying,Speech"
melspec_1855.npy,",Cat,Speech"
melspec_1856.npy,",Dog,Speech"
melspec_1857.npy,",Electric_shaver_toothbrush,Speech"
melspec_1858.npy,",Alarm_bell_ringing,Dishes,Speech"
melspec_1859.npy,",Speech"
melspec_186.npy,",Dishes,Speech"
melspec_1860.npy,",Speech,Vacuum_cleaner"
melspec_1861.npy,",Cat,Speech"
melspec_1862.npy,",Speech,Vacuum_cleaner"
melspec_1863.npy,",Running_water,Speech"
melspec_1864.npy,",Alarm_bell_ringing,Blender,Dishes"
melspec_1865.npy,",Running_water,Speech"
melspec_1866.npy,",Speech,Vacuum_cleaner"
melspec_1867.npy,",Blender,Speech"
melspec_1868.npy,",Blender,Electric_shaver_toothbrush,Speech"
melspec_1869.npy,",Dishes,Frying,Speech"
melspec_187.npy,",Speech"
melspec_1870.npy,",Dog"
melspec_1871.npy,",Blender"
melspec_1872.npy,",Cat,Speech"
melspec_1873.npy,",Frying,Speech"
melspec_1874.npy,",Dog,Speech"
melspec_1875.npy,",Cat,Speech"
melspec_1876.npy,",Speech,Vacuum_cleaner"
melspec_1877.npy,",Speech"
melspec_1878.npy,",Dishes,Dog,Frying,Speech"
melspec_1879.npy,",Speech,Vacuum_cleaner"
melspec_188.npy,",Alarm_bell_ringing,Dog,Speech"
melspec_1880.npy,",Alarm_bell_ringing,Speech"
melspec_1881.npy,",Cat,Speech"
melspec_1882.npy,",Cat,Speech"
melspec_1883.npy,",Speech"
melspec_1884.npy,",Dishes,Frying,Speech"
melspec_1885.npy,",Alarm_bell_ringing,Speech"
melspec_1886.npy,",Blender,Speech"
melspec_1887.npy,",Dishes,Frying,Running_water,Speech"
melspec_1888.npy,",Dog,Speech"
melspec_1889.npy,",Dog,Speech"
melspec_189.npy,",Alarm_bell_ringing,Speech"
melspec_1890.npy,",Blender,Speech"
melspec_1891.npy,",Speech"
melspec_1892.npy,
melspec_1893.npy,",Speech"
melspec_1894.npy,",Speech"
melspec_1895.npy,",Alarm_bell_ringing,Dog,Speech"
melspec_1896.npy,",Alarm_bell_ringing,Dishes,Speech"
melspec_1897.npy,",Speech,Vacuum_cleaner"
melspec_1898.npy,",Cat,Speech"
melspec_1899.npy,",Cat,Speech"
melspec_19.npy,",Speech,Vacuum_cleaner"
melspec_190.npy,",Blender,Speech"
melspec_1900.npy,",Dog,Speech"
melspec_1901.npy,",Speech,Vacuum_cleaner"
melspec_1902.npy,",Alarm_bell_ringing,Dog,Speech"
melspec_1903.npy,",Dishes,Frying,Speech"
melspec_1904.npy,",Dog,Speech"
melspec_1905.npy,",Electric_shaver_toothbrush,Speech"
melspec_1906.npy,",Speech,Vacuum_cleaner"
melspec_1907.npy,",Speech,Vacuum_cleaner"
melspec_1908.npy,",Speech"
melspec_1909.npy,",Speech"
melspec_191.npy,",Blender,Speech,Vacuum_cleaner"
melspec_1910.npy,",Dog,Speech"
melspec_1911.npy,",Dishes,Frying,Speech"
melspec_1912.npy,",Cat,Dog,Speech"
melspec_1913.npy,",Blender,Speech"
melspec_1914.npy,",Blender,Speech"
melspec_1915.npy,",Blender,Electric_shaver_toothbrush,Speech"
melspec_1916.npy,",Electric_shaver_toothbrush,Speech"
melspec_1917.npy,",Cat,Dog,Speech"
melspec_1918.npy,",Speech"
melspec_1919.npy,",Speech"
melspec_192.npy,",Blender,Speech"
melspec_1920.npy,",Speech"
melspec_1921.npy,",Running_water,Speech"
melspec_1922.npy,",Dishes,Frying,Speech"
melspec_1923.npy,",Cat,Speech"
melspec_1924.npy,",Speech"
melspec_1925.npy,",Speech"
melspec_1926.npy,",Dishes,Speech"
melspec_1927.npy,",Speech"
melspec_1928.npy,",Alarm_bell_ringing,Speech"
melspec_1929.npy,",Speech"
melspec_193.npy,",Speech,Vacuum_cleaner"
melspec_1930.npy,",Speech,Vacuum_cleaner"
melspec_1931.npy,",Electric_shaver_toothbrush,Speech"
melspec_1932.npy,",Speech"
melspec_1933.npy,",Electric_shaver_toothbrush,Speech"
melspec_1934.npy,",Cat,Speech"
melspec_1935.npy,",Dishes,Frying,Speech"
melspec_1936.npy,",Dishes,Frying,Speech"
melspec_1937.npy,",Blender,Speech"
melspec_1938.npy,",Alarm_bell_ringing,Speech"
melspec_1939.npy,",Speech"
melspec_194.npy,",Speech"
melspec_1940.npy,",Speech"
melspec_1941.npy,",Alarm_bell_ringing"
melspec_1942.npy,",Blender,Dishes,Speech"
melspec_1943.npy,",Cat,Speech"
melspec_1944.npy,",Speech"
melspec_1945.npy,",Dishes,Frying,Speech"
melspec_1946.npy,",Cat,Speech"
melspec_1947.npy,",Speech"
melspec_1948.npy,",Dishes,Speech"
melspec_1949.npy,",Blender,Speech"
melspec_195.npy,",Cat,Speech"
melspec_1950.npy,",Blender,Speech"
melspec_1951.npy,",Speech"
melspec_1952.npy,",Speech"
melspec_1953.npy,",Speech"
melspec_1954.npy,",Blender,Speech"
melspec_1955.npy,",Speech"
melspec_1956.npy,",Blender,Dishes,Speech"
melspec_1957.npy,",Speech"
melspec_1958.npy,",Alarm_bell_ringing,Dog,Speech"
melspec_1959.npy,",Speech"
melspec_196.npy,",Dishes,Frying,Speech"
melspec_1960.npy,",Dog,Speech"
melspec_1961.npy,",Speech"
melspec_1962.npy,",Dishes,Running_water,Speech"
melspec_1963.npy,",Dog"
melspec_1964.npy,",Running_water,Speech"
melspec_1965.npy,",Blender,Speech"
melspec_1966.npy,",Speech,Vacuum_cleaner"
melspec_1967.npy,",Cat,Speech"
melspec_1968.npy,",Frying,Speech"
melspec_1969.npy,",Speech"
melspec_197.npy,
melspec_1970.npy,",Dishes,Frying,Speech"
melspec_1971.npy,",Dog,Speech"
melspec_1972.npy,",Dog,Speech"
melspec_1973.npy,",Blender,Speech"
melspec_1974.npy,",Dog,Speech"
melspec_1975.npy,",Dishes,Speech"
melspec_1976.npy,",Dog,Speech"
melspec_1977.npy,",Dog,Speech"
melspec_1978.npy,
melspec_1979.npy,",Dog,Speech"
melspec_198.npy,",Blender,Frying,Speech"
melspec_1980.npy,",Speech"
melspec_1981.npy,",Electric_shaver_toothbrush,Speech"
melspec_1982.npy,",Dog,Speech"
melspec_1983.npy,",Dishes,Frying,Speech"
melspec_1984.npy,",Alarm_bell_ringing,Speech"
melspec_1985.npy,",Electric_shaver_toothbrush,Speech"
melspec_1986.npy,",Alarm_bell_ringing,Blender,Speech"
melspec_1987.npy,",Alarm_bell_ringing,Speech"
melspec_1988.npy,",Cat,Speech"
melspec_1989.npy,",Blender,Speech"
melspec_199.npy,",Speech"
melspec_1990.npy,",Blender,Speech"
melspec_1991.npy,",Dog,Speech"
melspec_1992.npy,",Blender,Speech"
melspec_1993.npy,",Dishes,Dog,Speech"
melspec_1994.npy,",Speech"
melspec_1995.npy,",Running_water,Speech"
melspec_1996.npy,",Dishes,Speech"
melspec_1997.npy,",Speech,Vacuum_cleaner"
melspec_1998.npy,",Cat,Speech"
melspec_1999.npy,",Speech,Vacuum_cleaner"
melspec_2.npy,",Electric_shaver_toothbrush,Speech"
melspec_20.npy,",Frying,Speech"
melspec_200.npy,",Speech"
melspec_2000.npy,",Blender,Speech"
melspec_2001.npy,",Dog,Speech"
melspec_2002.npy,",Alarm_bell_ringing,Speech"
melspec_2003.npy,",Speech"
melspec_2004.npy,",Speech,Vacuum_cleaner"
melspec_2005.npy,",Blender"
melspec_2006.npy,",Speech,Vacuum_cleaner"
melspec_2007.npy,",Vacuum_cleaner"
melspec_2008.npy,",Speech"
melspec_2009.npy,",Frying,Speech"
melspec_201.npy,",Alarm_bell_ringing,Speech"
melspec_2010.npy,",Blender,Electric_shaver_toothbrush,Speech"
melspec_2011.npy,",Blender,Dishes"
melspec_2012.npy,",Dog,Speech"
melspec_2013.npy,",Frying,Speech"
melspec_2014.npy,",Speech,Vacuum_cleaner"
melspec_2015.npy,",Speech,Vacuum_cleaner"
melspec_2016.npy,",Dog,Speech"
melspec_2017.npy,",Speech,Vacuum_cleaner"
melspec_2018.npy,",Blender,Speech,Vacuum_cleaner"
melspec_2019.npy,",Blender,Electric_shaver_toothbrush,Speech"
melspec_202.npy,",Cat,Speech"
melspec_2020.npy,",Dog,Speech"
melspec_2021.npy,",Speech"
melspec_2022.npy,",Speech"
melspec_2023.npy,",Speech,Vacuum_cleaner"
melspec_2024.npy,",Dishes,Speech"
melspec_2025.npy,",Running_water,Speech"
melspec_2026.npy,",Running_water,Speech"
melspec_2027.npy,",Speech,Vacuum_cleaner"
melspec_2028.npy,",Blender,Speech"
melspec_2029.npy,",Running_water,Speech"
melspec_203.npy,",Speech,Vacuum_cleaner"
melspec_2030.npy,",Running_water,Speech"
melspec_2031.npy,",Speech"
melspec_2032.npy,",Electric_shaver_toothbrush,Speech"
melspec_2033.npy,",Speech,Vacuum_cleaner"
melspec_2034.npy,",Speech"
melspec_2035.npy,",Running_water,Speech"
melspec_2036.npy,",Speech"
melspec_2037.npy,",Dishes,Speech"
melspec_2038.npy,",Cat,Speech"
melspec_2039.npy,",Speech"
melspec_204.npy,",Speech"
melspec_2040.npy,",Speech,Vacuum_cleaner"
melspec_2041.npy,",Speech"
melspec_2042.npy,",Dishes,Frying,Speech"
melspec_2043.npy,",Cat,Speech"
melspec_2044.npy,",Dog,Speech"
melspec_2045.npy,",Blender,Speech"
melspec_2046.npy,",Cat,Speech"
melspec_2047.npy,",Alarm_bell_ringing,Speech"
melspec_2048.npy,",Speech"
melspec_2049.npy,",Dog,Speech"
melspec_205.npy,",Speech"
melspec_2050.npy,",Vacuum_cleaner"
melspec_2051.npy,",Blender,Electric_shaver_toothbrush,Speech"
melspec_2052.npy,",Dog,Speech"
melspec_2053.npy,",Speech,Vacuum_cleaner"
melspec_2054.npy,",Alarm_bell_ringing,Speech"
melspec_2055.npy,",Alarm_bell_ringing,Dishes,Speech"
melspec_2056.npy,",Speech"
melspec_2057.npy,",Dishes,Frying,Speech"
melspec_2058.npy,",Speech"
melspec_2059.npy,",Dishes,Frying,Speech"
melspec_206.npy,
melspec_2060.npy,",Frying"
melspec_2061.npy,",Alarm_bell_ringing,Speech"
melspec_2062.npy,",Cat,Speech"
melspec_2063.npy,",Alarm_bell_ringing,Dishes,Dog,Speech"
melspec_2064.npy,",Speech"
melspec_2065.npy,",Electric_shaver_toothbrush,Speech"
melspec_2066.npy,",Speech"
melspec_2067.npy,",Blender,Speech"
melspec_2068.npy,",Speech"
melspec_2069.npy,",Dog"
melspec_207.npy,",Dog,Speech"
melspec_2070.npy,",Dishes,Frying,Speech"
melspec_2071.npy,",Speech,Vacuum_cleaner"
melspec_2072.npy,",Electric_shaver_toothbrush,Speech"
melspec_2073.npy,",Dishes,Running_water,Speech"
melspec_2074.npy,",Alarm_bell_ringing,Dishes,Dog,Speech"
melspec_2075.npy,",Blender"
melspec_2076.npy,",Speech,Vacuum_cleaner"
melspec_2077.npy,",Dog,Speech"
melspec_2078.npy,",Speech"
melspec_2079.npy,",Frying,Speech"
melspec_208.npy,",Speech"
melspec_2080.npy,",Speech,Vacuum_cleaner"
melspec_2081.npy,",Blender,Speech"
melspec_2082.npy,",Speech"
melspec_2083.npy,",Dishes,Speech"
melspec_2084.npy,",Speech"
melspec_2085.npy,",Alarm_bell_ringing,Speech"
melspec_2086.npy,",Speech"
melspec_2087.npy,",Dishes,Speech"
melspec_2088.npy,",Speech"
melspec_2089.npy,",Dog,Speech"
melspec_209.npy,",Dishes,Dog,Speech"
melspec_2090.npy,",Dishes,Speech"
melspec_2091.npy,",Vacuum_cleaner"
melspec_2092.npy,",Dishes,Speech"
melspec_2093.npy,",Vacuum_cleaner"
melspec_2094.npy,",Dog,Speech"
melspec_2095.npy,",Running_water,Speech"
melspec_2096.npy,",Dishes,Speech"
melspec_2097.npy,",Dog,Speech"
melspec_2098.npy,",Speech,Vacuum_cleaner"
melspec_2099.npy,
melspec_21.npy,",Speech"
melspec_210.npy,",Running_water,Speech"
melspec_2100.npy,",Cat,Speech"
melspec_2101.npy,",Blender,Speech"
melspec_2102.npy,",Speech"
melspec_2103.npy,",Dishes,Speech"
melspec_2104.npy,",Alarm_bell_ringing,Speech"
melspec_2105.npy,",Dishes,Speech"
melspec_2106.npy,",Dishes,Speech"
melspec_2107.npy,",Speech"
melspec_2108.npy,",Dishes,Speech"
melspec_2109.npy,",Speech"
melspec_211.npy,",Dishes,Frying,Speech"
melspec_2110.npy,",Dog,Speech"
melspec_2111.npy,",Alarm_bell_ringing,Speech"
melspec_2112.npy,",Alarm_bell_ringing,Dog,Speech"
melspec_2113.npy,",Frying,Speech"
melspec_2114.npy,",Electric_shaver_toothbrush,Speech"
melspec_2115.npy,",Running_water,Speech"
melspec_2116.npy,",Dishes,Frying,Speech"
melspec_2117.npy,",Blender,Running_water,Speech"
melspec_2118.npy,",Electric_shaver_toothbrush,Speech"
melspec_2119.npy,",Dog,Speech"
melspec_212.npy,",Electric_shaver_toothbrush,Speech"
melspec_2120.npy,",Alarm_bell_ringing,Speech"
melspec_2121.npy,",Speech"
melspec_2122.npy,",Blender,Frying,Speech"
melspec_2123.npy,",Alarm_bell_ringing,Dog,Speech"
melspec_2124.npy,",Cat,Speech"
melspec_2125.npy,",Speech,Vacuum_cleaner"
melspec_2126.npy,",Cat,Speech"
melspec_2127.npy,",Speech"
melspec_2128.npy,",Alarm_bell_ringing,Dog,Speech"
melspec_2129.npy,",Dog,Speech"
melspec_213.npy,",Blender,Dishes,Dog,Speech"
melspec_2130.npy,",Dishes,Frying,Speech,Vacuum_cleaner"
melspec_2131.npy,",Alarm_bell_ringing,Speech"
melspec_2132.npy,",Speech"
melspec_2133.npy,",Speech"
melspec_2134.npy,",Alarm_bell_ringing,Speech"
melspec_2135.npy,",Dishes,Running_water,Speech"
melspec_2136.npy,",Alarm_bell_ringing,Speech"
melspec_2137.npy,",Frying,Running_water,Speech"
melspec_2138.npy,",Dog,Running_water,Speech"
melspec_2139.npy,",Speech"
melspec_214.npy,",Dishes,Dog,Speech"
melspec_2140.npy,",Running_water,Speech"
melspec_2141.npy,",Speech"
melspec_2142.npy,",Running_water,Speech"
melspec_2143.npy,",Dog,Speech"
melspec_2144.npy,",Alarm_bell_ringing,Dog,Speech"
melspec_2145.npy,",Dishes,Dog,Speech"
melspec_2146.npy,",Cat"
melspec_2147.npy,",Cat,Dog,Speech"
melspec_2148.npy,",Speech"
melspec_2149.npy,",Dishes,Speech"
melspec_215.npy,",Blender,Speech"
melspec_2150.npy,",Speech,Vacuum_cleaner"
melspec_2151.npy,",Alarm_bell_ringing,Speech"
melspec_2152.npy,",Speech"
melspec_2153.npy,",Dishes,Frying,Speech"
melspec_2154.npy,",Dishes,Speech"
melspec_2155.npy,",Running_water,Speech"
melspec_2156.npy,",Dishes,Dog,Speech"
melspec_2157.npy,",Cat,Speech"
melspec_2158.npy,",Cat,Speech"
melspec_2159.npy,",Dog,Speech"
melspec_216.npy,",Blender,Electric_shaver_toothbrush,Speech"
melspec_2160.npy,",Blender,Speech"
melspec_2161.npy,",Running_water,Speech"
melspec_2162.npy,",Dog,Electric_shaver_toothbrush,Speech"
melspec_2163.npy,",Cat,Speech"
melspec_2164.npy,",Blender,Speech"
melspec_2165.npy,",Speech"
melspec_2166.npy,",Electric_shaver_toothbrush,Speech"
melspec_2167.npy,",Cat,Speech"
melspec_2168.npy,",Dishes,Speech"
melspec_2169.npy,",Alarm_bell_ringing,Dishes,Speech"
melspec_217.npy,",Dog,Speech"
melspec_2170.npy,",Speech,Vacuum_cleaner"
melspec_2171.npy,",Blender,Speech"
melspec_2172.npy,",Speech"
melspec_2173.npy,",Dishes,Frying,Speech,Vacuum_cleaner"
melspec_2174.npy,",Blender,Speech"
melspec_2175.npy,",Speech"
melspec_2176.npy,",Dishes,Frying,Speech"
melspec_2177.npy,",Speech"
melspec_2178.npy,",Alarm_bell_ringing,Speech"
melspec_2179.npy,",Electric_shaver_toothbrush,Speech"
melspec_218.npy,",Blender,Speech"
melspec_2180.npy,",Cat,Speech"
melspec_2181.npy,",Blender,Speech"
melspec_2182.npy,",Dog,Speech"
melspec_2183.npy,",Blender,Speech"
melspec_2184.npy,",Dishes,Frying,Speech"
melspec_2185.npy,",Dishes,Speech"
melspec_2186.npy,",Speech"
melspec_2187.npy,",Running_water,Speech"
melspec_2188.npy,",Dog,Speech"
melspec_2189.npy,",Dishes,Frying,Speech"
melspec_219.npy,",Cat,Speech"
melspec_2190.npy,",Speech"
melspec_2191.npy,",Dog,Speech"
melspec_2192.npy,",Alarm_bell_ringing,Speech"
melspec_2193.npy,",Dog,Speech"
melspec_2194.npy,",Frying,Speech"
melspec_2195.npy,",Alarm_bell_ringing,Speech"
melspec_2196.npy,",Speech"
melspec_2197.npy,",Speech,Vacuum_cleaner"
melspec_2198.npy,",Dishes,Running_water,Speech"
melspec_2199.npy,",Cat,Electric_shaver_toothbrush,Speech"
melspec_22.npy,",Cat,Speech"
melspec_220.npy,",Cat,Speech"
melspec_2200.npy,",Blender,Electric_shaver_toothbrush,Speech"
melspec_2201.npy,",Speech"
melspec_2202.npy,",Speech"
melspec_2203.npy,",Dishes,Frying,Speech"
melspec_2204.npy,",Speech"
melspec_2205.npy,",Alarm_bell_ringing,Speech"
melspec_2206.npy,",Electric_shaver_toothbrush,Speech"
melspec_2207.npy,",Speech"
melspec_2208.npy,",Cat,Speech"
melspec_2209.npy,",Dishes,Frying"
melspec_221.npy,",Alarm_bell_ringing,Speech"
melspec_2210.npy,",Blender,Speech"
melspec_2211.npy,",Speech"
melspec_2212.npy,",Blender,Speech"
melspec_2213.npy,",Dog,Speech"
melspec_2214.npy,",Cat,Speech"
melspec_2215.npy,",Blender,Dishes,Frying,Speech"
melspec_2216.npy,",Dishes,Speech"
melspec_2217.npy,",Electric_shaver_toothbrush,Speech"
melspec_2218.npy,",Dishes,Frying,Speech"
melspec_2219.npy,",Speech"
melspec_222.npy,",Speech"
melspec_2220.npy,",Cat,Speech"
melspec_2221.npy,",Frying,Speech"
melspec_2222.npy,",Dog,Speech"
melspec_2223.npy,",Speech,Vacuum_cleaner"
melspec_2224.npy,",Dishes,Speech"
melspec_2225.npy,",Frying,Speech"
melspec_2226.npy,",Speech"
melspec_2227.npy,",Dog,Speech"
melspec_2228.npy,",Electric_shaver_toothbrush,Speech"
melspec_2229.npy,",Blender,Dishes,Speech"
melspec_223.npy,",Dishes,Dog,Running_water,Speech"
melspec_2230.npy,",Electric_shaver_toothbrush,Speech"
melspec_2231.npy,",Speech"
melspec_2232.npy,",Dishes,Frying,Speech"
melspec_2233.npy,",Speech"
melspec_2234.npy,",Dishes,Running_water,Speech"
melspec_2235.npy,",Speech,Vacuum_cleaner"
melspec_2236.npy,",Cat,Speech"
melspec_2237.npy,",Frying,Speech"
melspec_2238.npy,",Dog,Speech"
melspec_2239.npy,",Cat,Speech"
melspec_224.npy,",Dog,Speech"
melspec_2240.npy,",Speech"
melspec_2241.npy,",Alarm_bell_ringing,Speech"
melspec_2242.npy,",Dishes,Frying,Speech"
melspec_2243.npy,",Dishes,Speech"
melspec_2244.npy,",Speech,Vacuum_cleaner"
melspec_2245.npy,",Dog,Speech"
melspec_2246.npy,",Frying"
melspec_2247.npy,",Frying,Speech"
melspec_2248.npy,",Speech"
melspec_2249.npy,",Alarm_bell_ringing,Blender"
melspec_225.npy,",Speech"
melspec_2250.npy,",Frying,Speech"
melspec_2251.npy,",Alarm_bell_ringing,Speech"
melspec_2252.npy,",Dishes,Dog,Running_water,Speech"
melspec_2253.npy,",Alarm_bell_ringing,Speech"
melspec_2254.npy,",Blender,Speech"
melspec_2255.npy,",Cat,Speech"
melspec_2256.npy,",Blender,Speech"
melspec_2257.npy,",Alarm_bell_ringing,Dishes,Dog,Speech"
melspec_2258.npy,",Speech"
melspec_2259.npy,",Speech"
melspec_226.npy,",Alarm_bell_ringing,Speech"
melspec_2260.npy,",Running_water,Speech"
melspec_2261.npy,",Dog,Speech"
melspec_2262.npy,",Electric_shaver_toothbrush,Speech,Vacuum_cleaner"
melspec_2263.npy,",Dishes,Frying,Speech"
melspec_2264.npy,",Speech"
melspec_2265.npy,",Speech"
melspec_2266.npy,",Cat,Speech"
melspec_2267.npy,",Alarm_bell_ringing,Speech"
melspec_2268.npy,",Dishes,Frying,Speech"
melspec_2269.npy,",Dishes,Frying,Speech"
melspec_227.npy,",Speech,Vacuum_cleaner"
melspec_2270.npy,",Frying,Speech"
melspec_2271.npy,",Alarm_bell_ringing,Speech"
melspec_2272.npy,",Dishes,Frying,Speech"
melspec_2273.npy,",Speech,Vacuum_cleaner"
melspec_2274.npy,",Frying,Speech"
melspec_2275.npy,",Cat,Speech,Vacuum_cleaner"
melspec_2276.npy,",Speech"
melspec_2277.npy,",Dishes,Frying,Speech"
melspec_2278.npy,",Alarm_bell_ringing,Speech"
melspec_2279.npy,",Cat,Speech"
melspec_228.npy,",Dog,Speech"
melspec_2280.npy,",Dog,Speech"
melspec_2281.npy,",Alarm_bell_ringing,Speech"
melspec_2282.npy,",Frying,Running_water,Speech"
melspec_2283.npy,",Speech"
melspec_2284.npy,",Speech"
melspec_2285.npy,",Speech,Vacuum_cleaner"
melspec_2286.npy,",Speech"
melspec_2287.npy,",Electric_shaver_toothbrush,Speech"
melspec_2288.npy,",Speech,Vacuum_cleaner"
melspec_2289.npy,",Electric_shaver_toothbrush,Speech"
melspec_229.npy,",Dog,Speech"
melspec_2290.npy,",Speech"
melspec_2291.npy,",Blender,Speech"
melspec_2292.npy,",Running_water,Speech"
melspec_2293.npy,",Blender,Speech"
melspec_2294.npy,",Speech"
melspec_2295.npy,",Alarm_bell_ringing,Speech"
melspec_2296.npy,",Dog,Speech"
melspec_2297.npy,",Blender,Speech"
melspec_2298.npy,",Speech,Vacuum_cleaner"
melspec_2299.npy,",Speech"
melspec_23.npy,",Alarm_bell_ringing,Dishes,Dog,Speech"
melspec_230.npy,",Running_water,Speech"
melspec_2300.npy,",Blender,Speech"
melspec_2301.npy,",Cat"
melspec_2302.npy,",Speech,Vacuum_cleaner"
melspec_2303.npy,",Alarm_bell_ringing,Speech"
melspec_2304.npy,",Running_water,Speech"
melspec_2305.npy,",Dog,Speech"
melspec_2306.npy,",Dog,Speech"
melspec_2307.npy,",Speech"
melspec_2308.npy,",Electric_shaver_toothbrush,Speech"
melspec_2309.npy,",Running_water,Speech"
melspec_231.npy,",Alarm_bell_ringing,Dog,Speech"
melspec_2310.npy,",Speech"
melspec_2311.npy,",Speech,Vacuum_cleaner"
melspec_2312.npy,",Alarm_bell_ringing,Speech"
melspec_2313.npy,",Blender,Speech"
melspec_2314.npy,",Blender,Speech"
melspec_2315.npy,",Alarm_bell_ringing,Speech"
melspec_2316.npy,",Dog,Speech"
melspec_2317.npy,",Speech"
melspec_2318.npy,",Alarm_bell_ringing,Speech"
melspec_2319.npy,",Alarm_bell_ringing,Speech"
melspec_232.npy,",Dishes,Speech"
melspec_2320.npy,",Speech"
melspec_2321.npy,",Dog,Speech"
melspec_2322.npy,",Cat,Speech"
melspec_2323.npy,",Dishes,Frying,Speech"
melspec_2324.npy,",Dog,Speech"
melspec_2325.npy,",Dog,Speech"
melspec_2326.npy,",Alarm_bell_ringing,Speech"
melspec_2327.npy,",Speech"
melspec_2328.npy,",Dishes,Speech"
melspec_2329.npy,",Speech"
melspec_233.npy,",Dishes,Speech"
melspec_2330.npy,",Dishes,Frying,Speech"
melspec_2331.npy,",Speech,Vacuum_cleaner"
melspec_2332.npy,",Alarm_bell_ringing,Dishes,Speech"
melspec_2333.npy,",Speech"
melspec_2334.npy,",Speech"
melspec_2335.npy,",Speech"
melspec_2336.npy,",Dog,Speech"
melspec_2337.npy,",Alarm_bell_ringing,Dishes,Speech"
melspec_2338.npy,",Dishes,Speech"
melspec_2339.npy,",Speech"
melspec_234.npy,",Vacuum_cleaner"
melspec_2340.npy,",Dog,Speech"
melspec_2341.npy,",Speech,Vacuum_cleaner"
melspec_2342.npy,",Cat,Speech"
melspec_2343.npy,",Frying,Speech"
melspec_2344.npy,",Speech,Vacuum_cleaner"
melspec_2345.npy,",Blender,Speech"
melspec_2346.npy,",Speech,Vacuum_cleaner"
melspec_2347.npy,",Alarm_bell_ringing,Speech"
melspec_2348.npy,",Blender,Speech"
melspec_2349.npy,",Blender,Speech"
melspec_235.npy,",Dishes,Speech"
melspec_2350.npy,",Alarm_bell_ringing,Speech"
melspec_2351.npy,",Speech"
melspec_2352.npy,",Blender,Speech"
melspec_2353.npy,",Speech"
melspec_2354.npy,",Speech,Vacuum_cleaner"
melspec_2355.npy,",Blender,Speech"
melspec_2356.npy,",Dishes,Speech"
melspec_2357.npy,",Cat,Speech"
melspec_2358.npy,",Cat,Speech"
melspec_2359.npy,",Electric_shaver_toothbrush,Speech"
melspec_236.npy,",Dishes,Dog,Speech"
melspec_2360.npy,",Alarm_bell_ringing,Electric_shaver_toothbrush,Speech"
melspec_2361.npy,",Blender,Speech"
melspec_2362.npy,",Dishes,Speech"
melspec_2363.npy,
melspec_2364.npy,",Dishes,Speech"
melspec_2365.npy,",Cat,Speech"
melspec_2366.npy,",Speech"
melspec_2367.npy,",Dishes,Speech"
melspec_2368.npy,",Frying"
melspec_2369.npy,",Blender,Speech"
melspec_237.npy,",Alarm_bell_ringing,Speech"
melspec_2370.npy,",Cat,Speech"
melspec_2371.npy,",Alarm_bell_ringing,Speech"
melspec_2372.npy,",Alarm_bell_ringing,Speech"
melspec_2373.npy,",Speech,Vacuum_cleaner"
melspec_2374.npy,",Alarm_bell_ringing,Speech"
melspec_2375.npy,",Blender,Speech"
melspec_2376.npy,",Frying"
melspec_2377.npy,",Speech,Vacuum_cleaner"
melspec_2378.npy,",Dishes,Frying,Running_water,Speech"
melspec_2379.npy,",Speech"
melspec_238.npy,",Blender,Speech"
melspec_2380.npy,",Speech"
melspec_2381.npy,",Dishes,Frying"
melspec_2382.npy,",Speech"
melspec_2383.npy,",Speech"
melspec_2384.npy,",Frying,Speech"
melspec_2385.npy,",Electric_shaver_toothbrush,Speech"
melspec_2386.npy,",Speech"
melspec_2387.npy,",Speech"
melspec_2388.npy,",Cat,Speech"
melspec_2389.npy,",Blender,Speech,Vacuum_cleaner"
melspec_239.npy,",Frying,Speech"
melspec_2390.npy,",Alarm_bell_ringing,Dishes,Speech"
melspec_2391.npy,",Speech"
melspec_2392.npy,",Speech"
melspec_2393.npy,",Cat,Speech"
melspec_2394.npy,",Dog,Speech"
melspec_2395.npy,",Speech"
melspec_2396.npy,",Speech,Vacuum_cleaner"
melspec_2397.npy,",Dishes,Speech"
melspec_2398.npy,",Electric_shaver_toothbrush,Speech"
melspec_2399.npy,",Speech"
melspec_24.npy,",Blender,Speech,Vacuum_cleaner"
melspec_240.npy,",Dishes,Dog,Speech"
melspec_2400.npy,",Blender,Speech"
melspec_2401.npy,",Electric_shaver_toothbrush,Speech"
melspec_2402.npy,",Speech,Vacuum_cleaner"
melspec_2403.npy,",Dishes,Dog,Speech"
melspec_2404.npy,",Dishes,Speech"
melspec_2405.npy,",Speech"
melspec_2406.npy,",Speech"
melspec_2407.npy,",Blender,Speech"
melspec_2408.npy,",Speech"
melspec_2409.npy,",Dishes,Speech"
melspec_241.npy,",Blender,Electric_shaver_toothbrush,Speech"
melspec_2410.npy,",Speech"
melspec_2411.npy,",Cat,Speech"
melspec_2412.npy,",Dishes,Frying,Speech"
melspec_2413.npy,",Dishes,Frying,Speech"
melspec_2414.npy,",Dog,Speech"
melspec_2415.npy,",Speech,Vacuum_cleaner"
melspec_2416.npy,",Speech,Vacuum_cleaner"
melspec_2417.npy,",Speech,Vacuum_cleaner"
melspec_2418.npy,",Dog,Speech"
melspec_2419.npy,",Cat,Speech"
melspec_242.npy,",Speech,Vacuum_cleaner"
melspec_2420.npy,",Dishes,Speech"
melspec_2421.npy,",Dishes,Frying,Speech"
melspec_2422.npy,",Dishes,Frying,Speech"
melspec_2423.npy,",Cat,Speech"
melspec_2424.npy,",Dog,Speech"
melspec_2425.npy,",Dog,Running_water,Speech"
melspec_2426.npy,",Electric_shaver_toothbrush,Speech"
melspec_2427.npy,",Dog,Running_water"
melspec_2428.npy,",Blender,Electric_shaver_toothbrush,Speech"
melspec_2429.npy,",Blender,Speech"
melspec_243.npy,",Dog,Speech"
melspec_2430.npy,",Speech"
melspec_2431.npy,",Alarm_bell_ringing,Speech"
melspec_2432.npy,",Speech"
melspec_2433.npy,",Speech,Vacuum_cleaner"
melspec_2434.npy,",Speech"
melspec_2435.npy,",Blender,Speech"
melspec_2436.npy,",Speech"
melspec_2437.npy,",Dog,Speech"
melspec_2438.npy,",Speech"
melspec_2439.npy,",Dishes,Dog,Speech"
melspec_244.npy,",Frying,Speech"
melspec_2440.npy,",Speech"
melspec_2441.npy,",Speech,Vacuum_cleaner"
melspec_2442.npy,",Speech,Vacuum_cleaner"
melspec_2443.npy,",Dishes,Running_water,Speech"
melspec_2444.npy,",Dishes,Speech"
melspec_2445.npy,",Speech"
melspec_2446.npy,",Alarm_bell_ringing,Dog,Speech"
melspec_2447.npy,",Alarm_bell_ringing,Dog,Speech"
melspec_2448.npy,",Blender,Speech"
melspec_2449.npy,",Dishes,Frying,Speech"
melspec_245.npy,",Dishes,Frying,Speech"
melspec_2450.npy,",Cat,Speech"
melspec_2451.npy,",Speech,Vacuum_cleaner"
melspec_2452.npy,",Alarm_bell_ringing,Speech"
melspec_2453.npy,",Speech,Vacuum_cleaner"
melspec_2454.npy,",Alarm_bell_ringing,Dishes"
melspec_2455.npy,",Dog,Speech"
melspec_2456.npy,",Alarm_bell_ringing,Speech"
melspec_2457.npy,",Cat,Speech"
melspec_2458.npy,",Dog,Speech"
melspec_2459.npy,",Blender,Speech"
melspec_246.npy,",Dishes,Frying,Speech"
melspec_2460.npy,",Speech"
melspec_2461.npy,",Dishes,Speech"
melspec_2462.npy,",Speech"
melspec_2463.npy,",Electric_shaver_toothbrush,Speech"
melspec_2464.npy,",Electric_shaver_toothbrush,Speech"
melspec_2465.npy,",Speech,Vacuum_cleaner"
melspec_2466.npy,",Alarm_bell_ringing,Speech"
melspec_2467.npy,",Speech"
melspec_2468.npy,",Dog,Speech"
melspec_2469.npy,",Vacuum_cleaner"
melspec_247.npy,",Electric_shaver_toothbrush,Speech"
melspec_2470.npy,",Speech"
melspec_2471.npy,",Dishes,Speech"
melspec_2472.npy,",Alarm_bell_ringing,Speech"
melspec_2473.npy,",Dog,Speech"
melspec_2474.npy,",Dishes,Frying,Speech"
melspec_2475.npy,",Electric_shaver_toothbrush,Speech"
melspec_2476.npy,",Dishes,Speech"
melspec_2477.npy,",Blender"
melspec_2478.npy,",Speech"
melspec_2479.npy,",Dog,Speech"
melspec_248.npy,",Dishes,Speech"
melspec_2480.npy,",Blender,Speech"
melspec_2481.npy,",Dishes,Frying,Speech"
melspec_2482.npy,",Speech"
melspec_2483.npy,",Speech,Vacuum_cleaner"
melspec_2484.npy,",Running_water,Speech"
melspec_2485.npy,",Alarm_bell_ringing,Speech"
melspec_2486.npy,",Speech"
melspec_2487.npy,",Speech"
melspec_2488.npy,",Alarm_bell_ringing,Dishes,Speech"
melspec_2489.npy,",Dog,Speech"
melspec_249.npy,",Dishes,Frying,Speech"
melspec_2490.npy,",Dog,Speech"
melspec_2491.npy,",Cat,Dog,Speech"
melspec_2492.npy,",Dog,Speech"
melspec_2493.npy,",Dishes,Dog,Running_water,Speech"
melspec_2494.npy,",Vacuum_cleaner"
melspec_2495.npy,",Blender,Speech"
melspec_2496.npy,",Alarm_bell_ringing,Dishes,Dog,Speech"
melspec_2497.npy,",Dishes,Frying,Speech"
melspec_2498.npy,",Electric_shaver_toothbrush,Speech"
melspec_2499.npy,",Dishes,Frying,Speech"
melspec_25.npy,",Alarm_bell_ringing,Dog,Speech"
melspec_250.npy,",Speech"
melspec_251.npy,",Speech"
melspec_252.npy,",Speech"
melspec_253.npy,",Dishes,Frying,Speech"
melspec_254.npy,",Blender,Dishes,Speech"
melspec_255.npy,",Dishes,Frying,Speech"
melspec_256.npy,",Dishes,Speech"
melspec_257.npy,",Speech"
melspec_258.npy,",Running_water,Speech"
melspec_259.npy,",Frying,Speech"
melspec_26.npy,",Alarm_bell_ringing,Dishes,Speech"
melspec_260.npy,",Dishes,Frying,Speech"
melspec_261.npy,",Cat,Speech"
melspec_262.npy,",Running_water,Speech,Vacuum_cleaner"
melspec_263.npy,",Blender,Speech,Vacuum_cleaner"
melspec_264.npy,",Speech"
melspec_265.npy,",Speech"
melspec_266.npy,",Dishes,Frying,Speech"
melspec_267.npy,",Alarm_bell_ringing,Speech"
melspec_268.npy,",Cat,Speech"
melspec_269.npy,",Alarm_bell_ringing,Speech"
melspec_27.npy,
melspec_270.npy,",Alarm_bell_ringing,Speech"
melspec_271.npy,",Dishes,Speech"
melspec_272.npy,",Electric_shaver_toothbrush,Speech"
melspec_273.npy,",Dishes,Frying,Speech"
melspec_274.npy,",Dishes,Speech"
melspec_275.npy,",Speech"
melspec_276.npy,",Speech"
melspec_277.npy,",Dog,Speech"
melspec_278.npy,",Speech"
melspec_279.npy,",Cat,Speech"
melspec_28.npy,",Speech"
melspec_280.npy,",Dog,Speech"
melspec_281.npy,",Alarm_bell_ringing,Speech"
melspec_282.npy,",Alarm_bell_ringing,Speech"
melspec_283.npy,",Speech"
melspec_284.npy,",Speech,Vacuum_cleaner"
melspec_285.npy,",Speech"
melspec_286.npy,",Blender,Speech"
melspec_287.npy,",Dishes"
melspec_288.npy,",Electric_shaver_toothbrush,Speech"
melspec_289.npy,",Speech,Vacuum_cleaner"
melspec_29.npy,",Cat,Speech"
melspec_290.npy,",Speech,Vacuum_cleaner"
melspec_291.npy,",Electric_shaver_toothbrush,Speech"
melspec_292.npy,",Dishes,Speech"
melspec_293.npy,",Speech,Vacuum_cleaner"
melspec_294.npy,",Frying,Speech"
melspec_295.npy,",Dishes,Speech"
melspec_296.npy,",Blender,Speech"
melspec_297.npy,",Frying,Speech"
melspec_298.npy,",Speech"
melspec_299.npy,",Dog,Speech"
melspec_3.npy,",Cat,Speech"
melspec_30.npy,",Electric_shaver_toothbrush,Speech"
melspec_300.npy,",Speech"
melspec_301.npy,",Electric_shaver_toothbrush,Speech"
melspec_302.npy,",Blender,Speech"
melspec_303.npy,",Speech"
melspec_304.npy,",Alarm_bell_ringing,Speech"
melspec_305.npy,",Dishes,Speech"
melspec_306.npy,",Speech,Vacuum_cleaner"
melspec_307.npy,",Dishes,Frying,Speech"
melspec_308.npy,",Dishes,Frying,Speech"
melspec_309.npy,",Blender,Speech"
melspec_31.npy,",Dishes,Frying,Speech"
melspec_310.npy,",Cat,Speech"
melspec_311.npy,",Blender,Speech"
melspec_312.npy,",Blender,Speech"
melspec_313.npy,
melspec_314.npy,",Dishes,Speech"
melspec_315.npy,",Electric_shaver_toothbrush,Speech"
melspec_316.npy,",Blender,Speech"
melspec_317.npy,",Speech"
melspec_318.npy,",Speech"
melspec_319.npy,",Speech"
melspec_32.npy,",Dog"
melspec_320.npy,",Speech,Vacuum_cleaner"
melspec_321.npy,",Speech"
melspec_322.npy,",Speech"
melspec_323.npy,",Cat,Speech"
melspec_324.npy,",Speech,Vacuum_cleaner"
melspec_325.npy,",Dog,Speech"
melspec_326.npy,",Alarm_bell_ringing,Speech"
melspec_327.npy,",Dog,Speech"
melspec_328.npy,",Electric_shaver_toothbrush,Speech"
melspec_329.npy,",Dog,Speech"
melspec_33.npy,",Alarm_bell_ringing,Speech"
melspec_330.npy,",Dog,Speech"
melspec_331.npy,",Cat,Speech"
melspec_332.npy,",Speech,Vacuum_cleaner"
melspec_333.npy,",Speech"
melspec_334.npy,",Speech"
melspec_335.npy,
melspec_336.npy,",Blender,Speech,Vacuum_cleaner"
melspec_337.npy,",Alarm_bell_ringing,Speech"
melspec_338.npy,",Speech,Vacuum_cleaner"
melspec_339.npy,",Blender,Speech"
melspec_34.npy,",Blender,Speech"
melspec_340.npy,",Speech"
melspec_341.npy,",Alarm_bell_ringing,Dishes,Dog,Speech"
melspec_342.npy,",Cat,Speech"
melspec_343.npy,",Blender,Speech"
melspec_344.npy,",Speech"
melspec_345.npy,",Dishes,Speech"
melspec_346.npy,",Speech,Vacuum_cleaner"
melspec_347.npy,",Dog,Speech"
melspec_348.npy,",Dishes,Frying,Speech"
melspec_349.npy,",Blender,Speech"
melspec_35.npy,",Running_water,Speech"
melspec_350.npy,",Blender,Speech"
melspec_351.npy,",Speech,Vacuum_cleaner"
melspec_352.npy,",Frying,Speech"
melspec_353.npy,",Alarm_bell_ringing,Dishes,Speech"
melspec_354.npy,",Speech,Vacuum_cleaner"
melspec_355.npy,",Frying,Speech"
melspec_356.npy,",Speech"
melspec_357.npy,",Alarm_bell_ringing,Speech"
melspec_358.npy,",Speech"
melspec_359.npy,",Cat,Speech"
melspec_36.npy,",Dishes,Dog,Running_water,Speech"
melspec_360.npy,",Frying,Speech"
melspec_361.npy,",Blender,Speech"
melspec_362.npy,",Dishes,Frying,Speech"
melspec_363.npy,",Alarm_bell_ringing,Dishes,Speech"
melspec_364.npy,",Dishes,Speech"
melspec_365.npy,",Blender,Speech"
melspec_366.npy,",Alarm_bell_ringing,Speech"
melspec_367.npy,",Electric_shaver_toothbrush,Speech"
melspec_368.npy,",Dog,Speech"
melspec_369.npy,",Alarm_bell_ringing,Speech"
melspec_37.npy,",Frying,Speech"
melspec_370.npy,",Cat,Speech"
melspec_371.npy,",Dishes,Speech"
melspec_372.npy,",Dishes,Running_water,Speech"
melspec_373.npy,",Alarm_bell_ringing,Dishes,Speech"
melspec_374.npy,",Blender,Speech,Vacuum_cleaner"
melspec_375.npy,",Speech,Vacuum_cleaner"
melspec_376.npy,",Running_water,Speech"
melspec_377.npy,",Alarm_bell_ringing,Speech"
melspec_378.npy,",Dishes,Frying,Speech"
melspec_379.npy,",Blender,Speech"
melspec_38.npy,",Cat,Running_water,Speech"
melspec_380.npy,",Speech"
melspec_381.npy,",Alarm_bell_ringing,Blender,Dishes,Running_water,Speech"
melspec_382.npy,",Electric_shaver_toothbrush,Speech"
melspec_383.npy,",Blender,Dishes,Speech"
melspec_384.npy,",Alarm_bell_ringing,Speech"
melspec_385.npy,",Blender,Speech"
melspec_386.npy,",Speech,Vacuum_cleaner"
melspec_387.npy,",Blender,Speech"
melspec_388.npy,",Speech"
melspec_389.npy,",Dishes,Frying,Speech"
melspec_39.npy,",Dog,Running_water,Speech"
melspec_390.npy,",Speech"
melspec_391.npy,",Cat,Speech"
melspec_392.npy,",Dishes,Frying,Speech"
melspec_393.npy,",Alarm_bell_ringing,Speech"
melspec_394.npy,",Blender,Speech"
melspec_395.npy,",Dog,Speech"
melspec_396.npy,",Alarm_bell_ringing,Speech"
melspec_397.npy,",Blender,Speech"
melspec_398.npy,",Blender,Electric_shaver_toothbrush,Speech"
melspec_399.npy,",Speech"
melspec_4.npy,",Cat,Speech"
melspec_40.npy,",Speech"
melspec_400.npy,",Blender,Speech"
melspec_401.npy,",Speech"
melspec_402.npy,",Speech"
melspec_403.npy,",Dishes,Frying,Speech"
melspec_404.npy,",Dishes,Frying,Speech"
melspec_405.npy,",Speech,Vacuum_cleaner"
melspec_406.npy,",Cat,Speech"
melspec_407.npy,",Blender,Speech"
melspec_408.npy,",Speech"
melspec_409.npy,",Speech"
melspec_41.npy,",Dishes,Speech"
melspec_410.npy,",Electric_shaver_toothbrush,Speech"
melspec_411.npy,",Speech"
melspec_412.npy,",Dishes,Frying,Speech"
melspec_413.npy,",Blender,Speech"
melspec_414.npy,",Speech"
melspec_415.npy,",Alarm_bell_ringing,Speech"
melspec_416.npy,",Speech"
melspec_417.npy,",Speech"
melspec_418.npy,",Frying,Running_water,Speech"
melspec_419.npy,",Dishes,Frying,Speech"
melspec_42.npy,",Blender,Speech"
melspec_420.npy,",Dog,Speech"
melspec_421.npy,",Speech"
melspec_422.npy,",Blender,Speech"
melspec_423.npy,",Dog,Speech"
melspec_424.npy,",Cat,Dishes,Speech"
melspec_425.npy,",Speech"
melspec_426.npy,",Speech"
melspec_427.npy,",Dishes,Frying,Speech"
melspec_428.npy,",Speech"
melspec_429.npy,",Speech,Vacuum_cleaner"
melspec_43.npy,",Dog,Speech"
melspec_430.npy,",Electric_shaver_toothbrush,Speech"
melspec_431.npy,",Dishes,Dog,Speech"
melspec_432.npy,",Running_water,Speech"
melspec_433.npy,",Speech,Vacuum_cleaner"
melspec_434.npy,",Dog,Speech"
melspec_435.npy,",Speech,Vacuum_cleaner"
melspec_436.npy,",Dishes,Speech"
melspec_437.npy,",Dishes,Frying,Speech"
melspec_438.npy,",Cat,Speech"
melspec_439.npy,",Speech"
melspec_44.npy,",Dishes,Speech"
melspec_440.npy,",Alarm_bell_ringing,Speech"
melspec_441.npy,",Blender,Speech"
melspec_442.npy,",Cat,Speech"
melspec_443.npy,",Alarm_bell_ringing,Speech"
melspec_444.npy,",Running_water,Speech"
melspec_445.npy,",Cat,Speech"
melspec_446.npy,",Electric_shaver_toothbrush,Speech"
melspec_447.npy,",Alarm_bell_ringing,Speech"
melspec_448.npy,",Frying,Speech"
melspec_449.npy,",Blender,Speech"
melspec_45.npy,",Alarm_bell_ringing,Speech"
melspec_450.npy,",Frying,Speech"
melspec_451.npy,",Speech"
melspec_452.npy,",Speech"
melspec_453.npy,",Speech"
melspec_454.npy,",Alarm_bell_ringing,Speech"
melspec_455.npy,",Electric_shaver_toothbrush,Speech"
melspec_456.npy,",Frying,Speech"
melspec_457.npy,",Blender,Speech"
melspec_458.npy,",Electric_shaver_toothbrush,Speech"
melspec_459.npy,",Alarm_bell_ringing,Speech"
melspec_46.npy,",Blender,Speech"
melspec_460.npy,",Cat,Speech"
melspec_461.npy,",Alarm_bell_ringing,Speech"
melspec_462.npy,",Blender,Electric_shaver_toothbrush,Speech"
melspec_463.npy,",Dishes,Frying,Speech"
melspec_464.npy,",Speech"
melspec_465.npy,",Electric_shaver_toothbrush,Speech"
melspec_466.npy,",Dog,Speech"
melspec_467.npy,",Speech"
melspec_468.npy,",Speech"
melspec_469.npy,",Speech"
melspec_47.npy,",Blender,Speech"
melspec_470.npy,",Speech,Vacuum_cleaner"
melspec_471.npy,",Dog,Speech"
melspec_472.npy,",Speech,Vacuum_cleaner"
melspec_473.npy,",Blender,Speech,Vacuum_cleaner"
melspec_474.npy,",Speech"
melspec_475.npy,",Speech"
melspec_476.npy,",Dishes,Speech"
melspec_477.npy,",Cat,Speech"
melspec_478.npy,",Speech,Vacuum_cleaner"
melspec_479.npy,",Dishes,Speech"
melspec_48.npy,",Blender,Speech"
melspec_480.npy,",Blender,Speech"
melspec_481.npy,",Speech,Vacuum_cleaner"
melspec_482.npy,",Electric_shaver_toothbrush,Speech"
melspec_483.npy,",Blender,Dishes,Speech"
melspec_484.npy,",Speech,Vacuum_cleaner"
melspec_485.npy,",Alarm_bell_ringing,Speech"
melspec_486.npy,",Dog,Speech"
melspec_487.npy,",Blender,Speech"
melspec_488.npy,",Speech"
melspec_489.npy,",Blender,Speech"
melspec_49.npy,",Frying,Speech"
melspec_490.npy,",Blender,Speech"
melspec_491.npy,",Blender,Speech"
melspec_492.npy,",Speech"
melspec_493.npy,",Alarm_bell_ringing,Speech"
melspec_494.npy,",Blender,Electric_shaver_toothbrush,Speech"
melspec_495.npy,",Alarm_bell_ringing,Dishes,Speech"
melspec_496.npy,",Speech"
melspec_497.npy,",Dog,Speech"
melspec_498.npy,",Cat,Speech"
melspec_499.npy,",Speech,Vacuum_cleaner"
melspec_5.npy,",Cat,Speech"
melspec_50.npy,",Alarm_bell_ringing,Speech"
melspec_500.npy,",Dog,Running_water,Speech"
melspec_501.npy,",Alarm_bell_ringing,Speech"
melspec_502.npy,",Blender,Speech"
melspec_503.npy,",Cat,Speech"
melspec_504.npy,",Alarm_bell_ringing,Speech"
melspec_505.npy,",Frying,Speech"
melspec_506.npy,",Dishes,Frying,Speech"
melspec_507.npy,",Electric_shaver_toothbrush,Speech"
melspec_508.npy,",Cat,Speech"
melspec_509.npy,",Speech"
melspec_51.npy,",Speech"
melspec_510.npy,",Speech"
melspec_511.npy,",Speech,Vacuum_cleaner"
melspec_512.npy,",Speech"
melspec_513.npy,",Dishes,Running_water,Speech"
melspec_514.npy,",Alarm_bell_ringing,Speech"
melspec_515.npy,",Speech,Vacuum_cleaner"
melspec_516.npy,",Blender,Speech"
melspec_517.npy,",Speech"
melspec_518.npy,",Alarm_bell_ringing,Speech"
melspec_519.npy,",Cat,Dog,Speech"
melspec_52.npy,",Cat,Dishes,Speech"
melspec_520.npy,",Blender,Speech"
melspec_521.npy,",Alarm_bell_ringing,Dishes,Dog,Speech"
melspec_522.npy,",Speech,Vacuum_cleaner"
melspec_523.npy,",Cat,Speech"
melspec_524.npy,",Speech"
melspec_525.npy,",Blender"
melspec_526.npy,",Speech"
melspec_527.npy,",Alarm_bell_ringing,Speech"
melspec_528.npy,",Alarm_bell_ringing,Speech"
melspec_529.npy,",Blender,Speech"
melspec_53.npy,",Electric_shaver_toothbrush,Speech"
melspec_530.npy,",Speech,Vacuum_cleaner"
melspec_531.npy,",Running_water,Speech"
melspec_532.npy,",Blender,Electric_shaver_toothbrush,Speech"
melspec_533.npy,",Speech,Vacuum_cleaner"
melspec_534.npy,",Dishes,Speech"
melspec_535.npy,",Cat,Speech"
melspec_536.npy,",Blender,Electric_shaver_toothbrush,Speech"
melspec_537.npy,",Speech,Vacuum_cleaner"
melspec_538.npy,",Speech,Vacuum_cleaner"
melspec_539.npy,",Dishes,Speech"
melspec_54.npy,",Speech"
melspec_540.npy,",Alarm_bell_ringing,Dishes,Speech"
melspec_541.npy,",Dishes,Running_water,Speech"
melspec_542.npy,",Frying"
melspec_543.npy,",Speech"
melspec_544.npy,",Alarm_bell_ringing,Speech"
melspec_545.npy,",Alarm_bell_ringing,Speech"
melspec_546.npy,",Dishes,Frying,Speech"
melspec_547.npy,",Speech"
melspec_548.npy,",Dishes,Speech"
melspec_549.npy,",Running_water,Speech"
melspec_55.npy,",Speech"
melspec_550.npy,",Blender,Speech"
melspec_551.npy,",Cat,Speech"
melspec_552.npy,",Dog,Speech"
melspec_553.npy,",Running_water,Speech"
melspec_554.npy,",Dishes,Frying,Speech"
melspec_555.npy,",Speech"
melspec_556.npy,",Cat,Speech"
melspec_557.npy,",Speech"
melspec_558.npy,",Blender,Speech"
melspec_559.npy,",Running_water,Speech"
melspec_56.npy,",Speech"
melspec_560.npy,",Cat,Speech"
melspec_561.npy,",Alarm_bell_ringing,Dishes,Speech"
melspec_562.npy,",Running_water,Speech"
melspec_563.npy,",Dishes,Speech"
melspec_564.npy,",Alarm_bell_ringing,Speech"
melspec_565.npy,",Speech"
melspec_566.npy,",Dishes,Speech"
melspec_567.npy,",Dishes,Speech"
melspec_568.npy,",Speech"
melspec_569.npy,",Blender,Dog"
melspec_57.npy,",Dishes,Dog,Speech"
melspec_570.npy,",Speech,Vacuum_cleaner"
melspec_571.npy,",Blender,Speech"
melspec_572.npy,",Dog,Speech"
melspec_573.npy,",Running_water,Speech"
melspec_574.npy,",Alarm_bell_ringing,Speech"
melspec_575.npy,",Dishes,Speech"
melspec_576.npy,",Speech,Vacuum_cleaner"
melspec_577.npy,",Dishes,Running_water,Speech"
melspec_578.npy,",Blender,Electric_shaver_toothbrush,Speech"
melspec_579.npy,",Speech"
melspec_58.npy,",Blender,Dishes,Speech"
melspec_580.npy,",Blender,Dog,Speech"
melspec_581.npy,",Speech"
melspec_582.npy,",Alarm_bell_ringing,Speech"
melspec_583.npy,",Dishes,Dog,Speech"
melspec_584.npy,",Alarm_bell_ringing,Speech"
melspec_585.npy,",Blender,Speech"
melspec_586.npy,",Dishes,Running_water,Speech"
melspec_587.npy,",Cat,Speech"
melspec_588.npy,",Dishes,Speech"
melspec_589.npy,",Blender,Speech,Vacuum_cleaner"
melspec_59.npy,",Dishes,Speech"
melspec_590.npy,",Blender,Speech"
melspec_591.npy,",Cat,Speech"
melspec_592.npy,",Alarm_bell_ringing,Dishes,Dog,Speech"
melspec_593.npy,",Speech,Vacuum_cleaner"
melspec_594.npy,",Speech"
melspec_595.npy,",Dishes,Dog,Speech"
melspec_596.npy,",Speech,Vacuum_cleaner"
melspec_597.npy,",Dishes,Frying,Speech"
melspec_598.npy,",Dishes,Speech"
melspec_599.npy,",Cat,Speech"
melspec_6.npy,",Blender,Speech"
melspec_60.npy,",Speech,Vacuum_cleaner"
melspec_600.npy,",Running_water,Speech"
melspec_601.npy,",Cat,Speech"
melspec_602.npy,",Speech,Vacuum_cleaner"
melspec_603.npy,",Dishes,Frying,Speech"
melspec_604.npy,",Blender,Speech"
melspec_605.npy,",Blender,Speech"
melspec_606.npy,",Dog,Speech"
melspec_607.npy,",Alarm_bell_ringing,Speech"
melspec_608.npy,",Dog,Speech"
melspec_609.npy,",Speech,Vacuum_cleaner"
melspec_61.npy,",Dog,Speech"
melspec_610.npy,",Dog,Speech"
melspec_611.npy,",Blender,Speech"
melspec_612.npy,",Blender,Speech"
melspec_613.npy,",Alarm_bell_ringing,Speech"
melspec_614.npy,",Speech,Vacuum_cleaner"
melspec_615.npy,",Speech"
melspec_616.npy,",Speech,Vacuum_cleaner"
melspec_617.npy,",Speech,Vacuum_cleaner"
melspec_618.npy,",Electric_shaver_toothbrush,Speech"
melspec_619.npy,",Alarm_bell_ringing,Dishes,Dog,Speech"
melspec_62.npy,",Speech,Vacuum_cleaner"
melspec_620.npy,",Blender,Speech"
melspec_621.npy,",Blender,Speech"
melspec_622.npy,",Cat,Speech"
melspec_623.npy,",Blender,Speech"
melspec_624.npy,",Alarm_bell_ringing,Dishes,Dog,Speech"
melspec_625.npy,",Speech"
melspec_626.npy,",Speech"
melspec_627.npy,",Dishes,Frying,Speech"
melspec_628.npy,",Cat,Speech"
melspec_629.npy,",Speech,Vacuum_cleaner"
melspec_63.npy,",Cat,Speech"
melspec_630.npy,",Cat,Speech"
melspec_631.npy,",Speech,Vacuum_cleaner"
melspec_632.npy,",Speech"
melspec_633.npy,",Speech"
melspec_634.npy,",Alarm_bell_ringing,Speech"
melspec_635.npy,",Speech"
melspec_636.npy,",Speech"
melspec_637.npy,",Speech,Vacuum_cleaner"
melspec_638.npy,",Speech"
melspec_639.npy,",Speech"
melspec_64.npy,",Electric_shaver_toothbrush,Speech"
melspec_640.npy,",Cat,Speech"
melspec_641.npy,",Dishes,Speech"
melspec_642.npy,",Speech,Vacuum_cleaner"
melspec_643.npy,",Blender,Electric_shaver_toothbrush,Speech"
melspec_644.npy,",Alarm_bell_ringing,Speech"
melspec_645.npy,",Cat,Speech"
melspec_646.npy,",Dog,Speech"
melspec_647.npy,",Frying,Speech"
melspec_648.npy,",Dog,Speech"
melspec_649.npy,",Cat"
melspec_65.npy,",Dishes,Speech"
melspec_650.npy,",Cat,Speech"
melspec_651.npy,",Speech"
melspec_652.npy,",Dishes,Frying,Speech"
melspec_653.npy,",Speech,Vacuum_cleaner"
melspec_654.npy,",Alarm_bell_ringing,Dishes,Speech"
melspec_655.npy,",Dishes,Frying,Speech"
melspec_656.npy,",Speech"
melspec_657.npy,",Alarm_bell_ringing"
melspec_658.npy,",Blender,Speech"
melspec_659.npy,",Speech"
melspec_66.npy,",Dishes,Frying,Speech"
melspec_660.npy,",Dishes,Frying,Speech"
melspec_661.npy,",Speech"
melspec_662.npy,",Cat,Speech"
melspec_663.npy,",Cat,Speech"
melspec_664.npy,",Alarm_bell_ringing,Dishes,Speech"
melspec_665.npy,",Speech"
melspec_666.npy,",Frying,Speech"
melspec_667.npy,",Speech"
melspec_668.npy,",Speech"
melspec_669.npy,",Blender,Speech,Vacuum_cleaner"
melspec_67.npy,",Cat,Speech"
melspec_670.npy,",Dishes,Frying,Speech"
melspec_671.npy,",Speech"
melspec_672.npy,",Blender,Speech,Vacuum_cleaner"
melspec_673.npy,",Speech"
melspec_674.npy,",Speech"
melspec_675.npy,",Dog,Speech"
melspec_676.npy,",Speech"
melspec_677.npy,",Dishes,Frying,Speech"
melspec_678.npy,",Speech"
melspec_679.npy,",Electric_shaver_toothbrush,Speech"
melspec_68.npy,",Dishes,Speech"
melspec_680.npy,",Frying,Speech"
melspec_681.npy,",Cat,Speech"
melspec_682.npy,",Alarm_bell_ringing,Speech"
melspec_683.npy,",Alarm_bell_ringing,Dishes,Speech"
melspec_684.npy,",Dog,Speech"
melspec_685.npy,",Alarm_bell_ringing,Speech"
melspec_686.npy,",Dog,Speech"
melspec_687.npy,",Cat"
melspec_688.npy,",Blender,Dishes,Speech"
melspec_689.npy,",Blender,Speech,Vacuum_cleaner"
melspec_69.npy,",Blender,Dishes,Speech"
melspec_690.npy,",Cat,Speech"
melspec_691.npy,",Electric_shaver_toothbrush,Speech"
melspec_692.npy,",Dog,Speech"
melspec_693.npy,",Cat,Speech"
melspec_694.npy,",Cat"
melspec_695.npy,",Running_water,Speech"
melspec_696.npy,",Dishes,Dog,Speech"
melspec_697.npy,",Dog,Speech"
melspec_698.npy,",Dog,Speech"
melspec_699.npy,",Alarm_bell_ringing,Speech"
melspec_7.npy,",Speech,Vacuum_cleaner"
melspec_70.npy,",Speech,Vacuum_cleaner"
melspec_700.npy,",Speech,Vacuum_cleaner"
melspec_701.npy,",Electric_shaver_toothbrush,Speech,Vacuum_cleaner"
melspec_702.npy,",Frying,Speech"
melspec_703.npy,",Electric_shaver_toothbrush,Speech"
melspec_704.npy,",Cat,Speech"
melspec_705.npy,",Cat,Speech"
melspec_706.npy,",Speech,Vacuum_cleaner"
melspec_707.npy,",Dishes,Frying,Speech"
melspec_708.npy,",Speech"
melspec_709.npy,",Frying,Speech"
melspec_71.npy,",Blender,Speech,Vacuum_cleaner"
melspec_710.npy,",Running_water,Speech"
melspec_711.npy,",Speech"
melspec_712.npy,",Running_water,Speech"
melspec_713.npy,",Running_water,Speech"
melspec_714.npy,",Speech,Vacuum_cleaner"
melspec_715.npy,",Dishes,Speech"
melspec_716.npy,",Frying,Speech"
melspec_717.npy,",Dishes,Frying,Speech"
melspec_718.npy,",Speech,Vacuum_cleaner"
melspec_719.npy,
melspec_72.npy,",Alarm_bell_ringing,Speech"
melspec_720.npy,",Running_water,Speech"
melspec_721.npy,",Dishes,Speech"
melspec_722.npy,",Blender,Speech"
melspec_723.npy,",Dishes,Running_water,Speech"
melspec_724.npy,",Alarm_bell_ringing,Speech"
melspec_725.npy,",Blender,Speech,Vacuum_cleaner"
melspec_726.npy,",Blender,Speech"
melspec_727.npy,",Cat,Speech"
melspec_728.npy,",Speech"
melspec_729.npy,",Dishes,Speech"
melspec_73.npy,",Speech,Vacuum_cleaner"
melspec_730.npy,",Dog,Speech"
melspec_731.npy,",Cat,Speech"
melspec_732.npy,",Speech"
melspec_733.npy,",Dishes,Frying,Speech"
melspec_734.npy,",Speech"
melspec_735.npy,",Speech"
melspec_736.npy,",Speech,Vacuum_cleaner"
melspec_737.npy,",Blender,Speech"
melspec_738.npy,",Blender,Speech"
melspec_739.npy,",Speech"
melspec_74.npy,",Cat,Speech"
melspec_740.npy,",Speech"
melspec_741.npy,",Blender,Speech"
melspec_742.npy,",Alarm_bell_ringing,Speech"
melspec_743.npy,",Speech"
melspec_744.npy,",Electric_shaver_toothbrush,Speech"
melspec_745.npy,",Speech"
melspec_746.npy,",Blender,Speech"
melspec_747.npy,",Blender,Speech"
melspec_748.npy,",Cat,Speech"
melspec_749.npy,",Blender,Speech"
melspec_75.npy,",Frying,Speech"
melspec_750.npy,",Blender,Speech"
melspec_751.npy,",Electric_shaver_toothbrush,Speech"
melspec_752.npy,",Dog,Speech"
melspec_753.npy,",Blender,Electric_shaver_toothbrush,Speech"
melspec_754.npy,",Blender,Speech"
melspec_755.npy,",Dishes,Frying,Speech"
melspec_756.npy,",Dishes,Frying,Speech"
melspec_757.npy,",Speech"
melspec_758.npy,",Speech"
melspec_759.npy,",Blender,Speech"
melspec_76.npy,",Blender,Speech"
melspec_760.npy,",Speech"
melspec_761.npy,",Blender,Speech"
melspec_762.npy,",Speech,Vacuum_cleaner"
melspec_763.npy,",Speech,Vacuum_cleaner"
melspec_764.npy,",Electric_shaver_toothbrush,Speech"
melspec_765.npy,",Blender,Speech"
melspec_766.npy,",Running_water,Speech"
melspec_767.npy,",Dishes,Frying,Speech"
melspec_768.npy,",Speech"
melspec_769.npy,",Alarm_bell_ringing,Cat,Speech"
melspec_77.npy,",Blender,Electric_shaver_toothbrush,Speech"
melspec_770.npy,",Speech"
melspec_771.npy,",Blender,Dishes,Speech"
melspec_772.npy,",Dishes,Frying,Speech"
melspec_773.npy,",Alarm_bell_ringing,Speech"
melspec_774.npy,",Speech"
melspec_775.npy,",Dog,Speech"
melspec_776.npy,",Speech"
melspec_777.npy,",Alarm_bell_ringing"
melspec_778.npy,",Blender,Speech"
melspec_779.npy,",Alarm_bell_ringing,Speech"
melspec_78.npy,",Alarm_bell_ringing,Speech"
melspec_780.npy,",Speech"
melspec_781.npy,",Blender,Speech"
melspec_782.npy,",Speech"
melspec_783.npy,",Dog,Speech"
melspec_784.npy,",Blender,Speech"
melspec_785.npy,",Cat,Speech"
melspec_786.npy,",Speech,Vacuum_cleaner"
melspec_787.npy,",Blender,Speech"
melspec_788.npy,",Dishes,Running_water,Speech"
melspec_789.npy,",Speech"
melspec_79.npy,",Dishes,Speech"
melspec_790.npy,",Speech,Vacuum_cleaner"
melspec_791.npy,",Dishes,Speech"
melspec_792.npy,",Speech"
melspec_793.npy,",Cat,Speech"
melspec_794.npy,",Dishes,Speech"
melspec_795.npy,",Dishes,Frying,Speech"
melspec_796.npy,",Speech"
melspec_797.npy,",Dishes,Frying,Speech"
melspec_798.npy,",Alarm_bell_ringing,Dishes,Dog,Speech"
melspec_799.npy,",Alarm_bell_ringing,Dishes,Speech"
melspec_8.npy,",Cat,Speech"
melspec_80.npy,",Alarm_bell_ringing,Speech"
melspec_800.npy,",Speech"
melspec_801.npy,",Dishes,Speech"
melspec_802.npy,",Speech,Vacuum_cleaner"
melspec_803.npy,",Cat,Dog,Speech"
melspec_804.npy,",Dishes,Frying,Speech"
melspec_805.npy,",Dog,Speech"
melspec_806.npy,",Alarm_bell_ringing,Speech"
melspec_807.npy,",Running_water,Speech"
melspec_808.npy,",Speech"
melspec_809.npy,",Dishes,Running_water,Speech"
melspec_81.npy,",Dog,Speech"
melspec_810.npy,",Speech,Vacuum_cleaner"
melspec_811.npy,",Alarm_bell_ringing"
melspec_812.npy,",Alarm_bell_ringing,Dog,Speech"
melspec_813.npy,",Blender,Speech"
melspec_814.npy,",Dishes,Speech"
melspec_815.npy,",Dishes,Frying,Speech"
melspec_816.npy,",Cat,Dog,Speech"
melspec_817.npy,",Dishes,Electric_shaver_toothbrush,Speech"
melspec_818.npy,",Blender,Speech,Vacuum_cleaner"
melspec_819.npy,",Electric_shaver_toothbrush,Speech"
melspec_82.npy,",Cat,Speech"
melspec_820.npy,",Alarm_bell_ringing,Dog,Speech"
melspec_821.npy,",Cat,Speech"
melspec_822.npy,",Speech"
melspec_823.npy,",Speech"
melspec_824.npy,",Cat,Speech"
melspec_825.npy,",Speech,Vacuum_cleaner"
melspec_826.npy,",Blender,Speech"
melspec_827.npy,",Speech"
melspec_828.npy,",Alarm_bell_ringing"
melspec_829.npy,",Dishes,Speech"
melspec_83.npy,",Running_water,Speech"
melspec_830.npy,",Dishes,Frying,Speech"
melspec_831.npy,",Alarm_bell_ringing,Dishes,Speech"
melspec_832.npy,",Alarm_bell_ringing,Speech"
melspec_833.npy,",Alarm_bell_ringing,Speech"
melspec_834.npy,",Dishes,Frying,Speech"
melspec_835.npy,",Blender,Speech"
melspec_836.npy,",Speech"
melspec_837.npy,",Speech,Vacuum_cleaner"
melspec_838.npy,",Alarm_bell_ringing,Speech"
melspec_839.npy,",Alarm_bell_ringing,Speech"
melspec_84.npy,",Dishes,Speech"
melspec_840.npy,",Cat,Speech"
melspec_841.npy,",Speech"
melspec_842.npy,",Alarm_bell_ringing,Speech"
melspec_843.npy,",Dishes,Speech"
melspec_844.npy,",Alarm_bell_ringing,Dishes,Dog,Speech"
melspec_845.npy,",Dishes,Frying,Speech"
melspec_846.npy,",Blender,Electric_shaver_toothbrush,Speech"
melspec_847.npy,",Alarm_bell_ringing,Speech"
melspec_848.npy,",Speech"
melspec_849.npy,",Cat,Speech"
melspec_85.npy,",Dishes,Speech"
melspec_850.npy,",Speech,Vacuum_cleaner"
melspec_851.npy,",Blender,Speech"
melspec_852.npy,",Blender,Speech"
melspec_853.npy,",Alarm_bell_ringing,Blender,Speech"
melspec_854.npy,",Cat,Speech"
melspec_855.npy,",Running_water,Speech"
melspec_856.npy,",Cat,Speech"
melspec_857.npy,",Electric_shaver_toothbrush,Speech"
melspec_858.npy,",Cat,Speech"
melspec_859.npy,",Speech"
melspec_86.npy,",Speech,Vacuum_cleaner"
melspec_860.npy,",Dishes,Frying,Speech"
melspec_861.npy,",Blender,Speech"
melspec_862.npy,",Frying,Speech"
melspec_863.npy,",Dishes,Dog,Speech"
melspec_864.npy,",Electric_shaver_toothbrush,Speech"
melspec_865.npy,",Speech,Vacuum_cleaner"
melspec_866.npy,",Alarm_bell_ringing,Dishes,Speech"
melspec_867.npy,",Running_water,Speech"
melspec_868.npy,",Speech"
melspec_869.npy,",Dishes,Frying,Speech"
melspec_87.npy,",Dishes,Speech"
melspec_870.npy,",Speech,Vacuum_cleaner"
melspec_871.npy,",Dishes,Frying,Speech"
melspec_872.npy,",Dog,Speech"
melspec_873.npy,",Speech"
melspec_874.npy,",Dishes,Frying,Speech"
melspec_875.npy,",Dishes,Frying,Speech"
melspec_876.npy,",Speech"
melspec_877.npy,",Dishes,Frying,Speech"
melspec_878.npy,",Dishes,Frying,Speech"
melspec_879.npy,",Speech"
melspec_88.npy,",Dog,Speech"
melspec_880.npy,",Speech,Vacuum_cleaner"
melspec_881.npy,",Alarm_bell_ringing,Speech"
melspec_882.npy,",Dishes,Frying,Speech"
melspec_883.npy,",Dog,Running_water,Speech"
melspec_884.npy,",Alarm_bell_ringing,Speech"
melspec_885.npy,",Speech"
melspec_886.npy,",Blender,Speech"
melspec_887.npy,",Blender,Speech"
melspec_888.npy,",Dog,Speech"
melspec_889.npy,",Dishes,Frying,Speech"
melspec_89.npy,",Blender,Speech,Vacuum_cleaner"
melspec_890.npy,",Dog,Speech"
melspec_891.npy,",Blender,Speech"
melspec_892.npy,",Cat,Speech"
melspec_893.npy,",Electric_shaver_toothbrush,Speech"
melspec_894.npy,",Dishes,Frying,Speech"
melspec_895.npy,",Alarm_bell_ringing"
melspec_896.npy,",Speech"
melspec_897.npy,",Cat,Speech"
melspec_898.npy,",Dog"
melspec_899.npy,",Speech"
melspec_9.npy,",Speech"
melspec_90.npy,",Speech,Vacuum_cleaner"
melspec_900.npy,",Frying,Speech"
melspec_901.npy,",Speech,Vacuum_cleaner"
melspec_902.npy,",Speech"
melspec_903.npy,",Speech,Vacuum_cleaner"
melspec_904.npy,",Dishes,Frying,Speech"
melspec_905.npy,",Dog,Speech"
melspec_906.npy,",Speech,Vacuum_cleaner"
melspec_907.npy,",Speech,Vacuum_cleaner"
melspec_908.npy,",Dishes,Speech"
melspec_909.npy,",Dishes,Dog,Speech"
melspec_91.npy,",Dog,Speech"
melspec_910.npy,",Speech"
melspec_911.npy,",Speech"
melspec_912.npy,",Blender,Dishes"
melspec_913.npy,",Speech"
melspec_914.npy,",Cat,Speech"
melspec_915.npy,",Dishes,Speech"
melspec_916.npy,",Cat,Speech"
melspec_917.npy,",Dishes,Frying,Speech"
melspec_918.npy,",Dog,Speech"
melspec_919.npy,",Dog,Speech"
melspec_92.npy,",Blender,Speech"
melspec_920.npy,",Speech,Vacuum_cleaner"
melspec_921.npy,",Running_water,Speech"
melspec_922.npy,",Speech,Vacuum_cleaner"
melspec_923.npy,",Vacuum_cleaner"
melspec_924.npy,",Speech"
melspec_925.npy,",Speech"
melspec_926.npy,",Dog,Speech"
melspec_927.npy,",Alarm_bell_ringing,Speech"
melspec_928.npy,",Blender,Speech"
melspec_929.npy,",Alarm_bell_ringing,Speech"
melspec_93.npy,",Blender,Speech,Vacuum_cleaner"
melspec_930.npy,",Speech"
melspec_931.npy,",Running_water,Speech"
melspec_932.npy,",Alarm_bell_ringing,Speech"
melspec_933.npy,",Dishes,Speech"
melspec_934.npy,",Speech,Vacuum_cleaner"
melspec_935.npy,",Speech"
melspec_936.npy,",Speech,Vacuum_cleaner"
melspec_937.npy,",Blender,Speech"
melspec_938.npy,",Speech"
melspec_939.npy,",Speech"
melspec_94.npy,",Frying,Speech"
melspec_940.npy,",Speech"
melspec_941.npy,",Electric_shaver_toothbrush,Speech"
melspec_942.npy,",Speech"
melspec_943.npy,",Speech,Vacuum_cleaner"
melspec_944.npy,",Speech,Vacuum_cleaner"
melspec_945.npy,",Electric_shaver_toothbrush,Speech"
melspec_946.npy,",Cat,Speech"
melspec_947.npy,",Alarm_bell_ringing,Speech"
melspec_948.npy,",Dishes,Speech"
melspec_949.npy,",Dog,Speech"
melspec_95.npy,",Speech,Vacuum_cleaner"
melspec_950.npy,",Speech,Vacuum_cleaner"
melspec_951.npy,",Dishes,Frying,Speech"
melspec_952.npy,",Speech,Vacuum_cleaner"
melspec_953.npy,",Electric_shaver_toothbrush,Speech"
melspec_954.npy,",Vacuum_cleaner"
melspec_955.npy,",Alarm_bell_ringing,Speech"
melspec_956.npy,",Electric_shaver_toothbrush,Speech"
melspec_957.npy,",Cat,Speech"
melspec_958.npy,",Cat,Speech"
melspec_959.npy,",Alarm_bell_ringing,Dishes,Speech"
melspec_96.npy,",Blender,Speech"
melspec_960.npy,",Dishes,Frying,Speech"
melspec_961.npy,",Blender,Speech"
melspec_962.npy,",Blender,Speech"
melspec_963.npy,",Dishes,Dog,Speech"
melspec_964.npy,",Dog,Speech"
melspec_965.npy,",Alarm_bell_ringing,Speech"
melspec_966.npy,",Speech,Vacuum_cleaner"
melspec_967.npy,",Alarm_bell_ringing,Dog,Speech"
melspec_968.npy,",Blender,Speech"
melspec_969.npy,",Speech,Vacuum_cleaner"
melspec_97.npy,",Alarm_bell_ringing,Speech"
melspec_970.npy,",Dog"
melspec_971.npy,",Alarm_bell_ringing,Speech"
melspec_972.npy,",Frying,Speech"
melspec_973.npy,",Speech"
melspec_974.npy,",Speech"
melspec_975.npy,",Speech,Vacuum_cleaner"
melspec_976.npy,",Blender,Speech"
melspec_977.npy,",Speech,Vacuum_cleaner"
melspec_978.npy,",Cat,Speech"
melspec_979.npy,",Alarm_bell_ringing,Dishes,Speech"
melspec_98.npy,",Speech"
melspec_980.npy,",Alarm_bell_ringing,Speech"
melspec_981.npy,",Blender,Dishes,Speech"
melspec_982.npy,",Cat,Speech"
melspec_983.npy,",Electric_shaver_toothbrush,Speech"
melspec_984.npy,",Electric_shaver_toothbrush,Speech"
melspec_985.npy,",Blender,Speech"
melspec_986.npy,",Alarm_bell_ringing,Speech"
melspec_987.npy,",Speech"
melspec_988.npy,",Electric_shaver_toothbrush,Speech"
melspec_989.npy,",Dishes,Frying,Speech"
melspec_99.npy,",Speech,Vacuum_cleaner"
melspec_990.npy,",Frying,Speech"
melspec_991.npy,",Speech"
melspec_992.npy,",Running_water,Speech"
melspec_993.npy,",Cat,Speech"
melspec_994.npy,",Alarm_bell_ringing,Speech"
melspec_995.npy,",Speech"
melspec_996.npy,",Blender,Speech"
melspec_997.npy,",Running_water,Speech"
melspec_998.npy,",Speech,Vacuum_cleaner"
melspec_999.npy,",Blender,Speech"
